Order_ID,Order_Date,Customer_ID,Product_ID,Quantity,Unit_Price,Discount,Gross_Sales,Discount_Amount,Net_Sales,Unit_Cost,Total_Cost,Profit,Payment_Method,Order_Status
ORD01241,1/1/2024,CUST0246,PROD059,3,534000,0.05,1602000,80100,1521900,343000,1029000,492900,Card,Pending
ORD00935,1/1/2024,CUST0263,PROD014,2,249000,0.15,498000,74700,423300,141700,283400,139900,Bank Transfer,Pending
ORD01847,1/1/2024,CUST0192,PROD037,3,107900,0.05,323700,16185,307515,59400,178200,129315,Card,Completed
ORD00736,1/1/2024,CUST0095,PROD031,5,38500,0.15,192500,28875,163625,27800,139000,24625,Mobile Money,Pending
ORD02161,1/3/2024,CUST0124,PROD032,3,439700,0.05,1319100,65955,1253145,331400,994200,258945,Bank Transfer,Completed
ORD02358,1/3/2024,CUST0122,PROD032,4,439700,0.1,1758800,175880,1582920,331400,1325600,257320,Card,Completed
ORD01426,1/3/2024,CUST0237,PROD008,2,284900,0.2,0,0,0,184900,0,0,Cash,Cancelled
ORD01594,1/3/2024,CUST0273,PROD033,3,36700,0.05,110100,5505,104595,21900,65700,38895,Mobile Money,Completed
ORD01765,1/4/2024,CUST0026,PROD048,5,414500,0.05,2072500,103625,1968875,303100,1515500,453375,Mobile Money,Completed
ORD01570,1/5/2024,CUST0184,PROD054,8,37100,0.15,296800,44520,252280,25500,204000,48280,Card,Completed
ORD02202,1/6/2024,CUST0265,PROD048,7,414500,0,2901500,0,2901500,303100,2121700,779800,Card,Completed
ORD02296,1/7/2024,CUST0209,PROD036,3,247600,0.2,742800,148560,594240,191100,573300,20940,Card,Completed
ORD00031,1/7/2024,CUST0211,PROD058,8,228300,0.1,0,0,0,139600,0,0,Card,Cancelled
ORD01043,1/7/2024,CUST0086,PROD042,6,9300,0.15,55800,8370,47430,5400,32400,15030,Mobile Money,Completed
ORD02047,1/7/2024,CUST0040,PROD024,8,148600,0.1,1188800,118880,1069920,96300,770400,299520,Card,Completed
ORD00626,1/8/2024,CUST0298,PROD033,3,36700,0.05,110100,5505,104595,21900,65700,38895,Card,Pending
ORD01642,1/8/2024,CUST0279,PROD015,5,24400,0.1,122000,12200,109800,17600,88000,21800,Bank Transfer,Completed
ORD00198,1/8/2024,CUST0082,PROD009,5,9600,0.1,48000,4800,43200,6200,31000,12200,Mobile Money,Pending
ORD00847,1/8/2024,CUST0245,PROD003,8,6900,0.1,55200,5520,49680,5200,41600,8080,Bank Transfer,Pending
ORD00183,1/10/2024,CUST0226,PROD028,4,159200,0.1,636800,63680,573120,112500,450000,123120,Card,Completed
ORD01827,1/10/2024,CUST0087,PROD011,6,20000,0.15,120000,18000,102000,13400,80400,21600,Card,Pending
ORD00350,1/10/2024,CUST0269,PROD039,2,481400,0.25,962800,240700,722100,392300,784600,-62500,Mobile Money,Pending
ORD01315,1/10/2024,CUST0095,PROD048,10,414500,0.15,4145000,621750,3523250,303100,3031000,492250,Bank Transfer,Completed
ORD01677,1/10/2024,CUST0105,PROD009,9,9600,0,86400,0,86400,6200,55800,30600,Card,Completed
ORD02254,1/11/2024,CUST0198,PROD009,6,9600,0.05,57600,2880,54720,6200,37200,17520,Mobile Money,Pending
ORD00018,1/12/2024,CUST0125,PROD029,3,183600,0.15,550800,82620,468180,105400,316200,151980,Mobile Money,Completed
ORD00062,1/12/2024,CUST0143,PROD044,10,11500,0.05,115000,5750,109250,6400,64000,45250,Card,Completed
ORD01335,1/12/2024,CUST0060,PROD021,4,36000,0.15,144000,21600,122400,21600,86400,36000,Mobile Money,Completed
ORD01927,1/12/2024,CUST0242,PROD014,9,249000,0,0,0,0,141700,0,0,Mobile Money,Cancelled
ORD00365,1/12/2024,CUST0097,PROD049,8,4000,0.15,32000,4800,27200,2300,18400,8800,Cash,Completed
ORD01490,1/12/2024,CUST0085,PROD054,4,37100,0,0,0,0,25500,0,0,Bank Transfer,Cancelled
ORD01203,1/13/2024,CUST0016,PROD024,10,148600,0.25,0,0,0,96300,0,0,Bank Transfer,Cancelled
ORD01284,1/13/2024,CUST0010,PROD007,4,25700,0.05,0,0,0,16900,0,0,Cash,Cancelled
ORD01409,1/13/2024,CUST0021,PROD003,10,6900,0.15,69000,10350,58650,5200,52000,6650,Card,Completed
ORD00139,1/13/2024,CUST0084,PROD050,5,79700,0.25,398500,99625,298875,49400,247000,51875,Card,Completed
ORD00357,1/13/2024,CUST0083,PROD017,9,3200,0.15,28800,4320,24480,2300,20700,3780,Mobile Money,Pending
ORD01385,1/13/2024,CUST0273,PROD001,8,536800,0.1,4294400,429440,3864960,344100,2752800,1112160,Cash,Completed
ORD00367,1/14/2024,CUST0137,PROD002,9,344400,0.2,3099600,619920,2479680,273600,2462400,17280,Card,Pending
ORD01322,1/14/2024,CUST0117,PROD025,10,72800,0.1,728000,72800,655200,59600,596000,59200,Card,Completed
ORD01578,1/15/2024,CUST0024,PROD047,4,22800,0.1,91200,9120,82080,14000,56000,26080,Card,Pending
ORD00823,1/16/2024,CUST0187,PROD027,4,25700,0.1,0,0,0,16400,0,0,Mobile Money,Cancelled
ORD00662,1/16/2024,CUST0076,PROD023,1,121900,0.25,0,0,0,79500,0,0,Card,Cancelled
ORD01974,1/17/2024,CUST0289,PROD028,8,159200,0.15,0,0,0,112500,0,0,Bank Transfer,Cancelled
ORD01459,1/17/2024,CUST0079,PROD013,4,37000,0,148000,0,148000,27000,108000,40000,Mobile Money,Completed
ORD02290,1/17/2024,CUST0210,PROD036,9,247600,0,2228400,0,2228400,191100,1719900,508500,Mobile Money,Completed
ORD00209,1/17/2024,CUST0187,PROD006,10,17200,0.1,172000,17200,154800,12200,122000,32800,Card,Pending
ORD00173,1/17/2024,CUST0128,PROD057,8,20100,0,160800,0,160800,11700,93600,67200,Mobile Money,Completed
ORD01698,1/17/2024,CUST0204,PROD031,4,38500,0.1,154000,15400,138600,27800,111200,27400,Bank Transfer,Pending
ORD02237,1/18/2024,CUST0198,PROD018,6,29300,0.15,175800,26370,149430,21500,129000,20430,Bank Transfer,Completed
ORD00938,1/19/2024,CUST0140,PROD033,10,36700,0.2,367000,73400,293600,21900,219000,74600,Card,Completed
ORD00326,1/19/2024,CUST0233,PROD051,4,121500,0.05,0,0,0,92700,0,0,Mobile Money,Cancelled
ORD00422,1/19/2024,CUST0151,PROD056,7,58800,0.1,411600,41160,370440,33300,233100,137340,Card,Pending
ORD01944,1/19/2024,CUST0294,PROD019,8,197300,0,1578400,0,1578400,120800,966400,612000,Bank Transfer,Completed
ORD01228,1/19/2024,CUST0134,PROD060,4,341700,0.2,1366800,273360,1093440,223100,892400,201040,Bank Transfer,Completed
ORD01625,1/19/2024,CUST0016,PROD026,6,35000,0.05,210000,10500,199500,23500,141000,58500,Card,Completed
ORD02272,1/19/2024,CUST0246,PROD041,5,24800,0.15,124000,18600,105400,16200,81000,24400,Mobile Money,Completed
ORD00372,1/20/2024,CUST0237,PROD059,3,534000,0.15,1602000,240300,1361700,343000,1029000,332700,Bank Transfer,Completed
ORD02006,1/20/2024,CUST0208,PROD001,3,536800,0.1,0,0,0,344100,0,0,Cash,Cancelled
ORD00392,1/20/2024,CUST0282,PROD007,7,25700,0.05,179900,8995,170905,16900,118300,52605,Mobile Money,Completed
ORD01165,1/20/2024,CUST0066,PROD037,10,107900,0.15,1079000,161850,917150,59400,594000,323150,Mobile Money,Completed
ORD00382,1/20/2024,CUST0152,PROD051,8,121500,0,972000,0,972000,92700,741600,230400,Cash,Completed
ORD02169,1/21/2024,CUST0151,PROD017,9,3200,0.15,28800,4320,24480,2300,20700,3780,Mobile Money,Completed
ORD00167,1/21/2024,CUST0031,PROD031,3,38500,0.15,115500,17325,98175,27800,83400,14775,Bank Transfer,Completed
ORD00532,1/21/2024,CUST0194,PROD043,6,188900,0.15,1133400,170010,963390,153600,921600,41790,Card,Completed
ORD00570,1/22/2024,CUST0006,PROD005,10,444900,0.1,4449000,444900,4004100,322200,3222000,782100,Bank Transfer,Completed
ORD01998,1/22/2024,CUST0296,PROD055,6,175400,0.1,1052400,105240,947160,104000,624000,323160,Cash,Completed
ORD01813,1/22/2024,CUST0286,PROD016,10,6400,0,64000,0,64000,4000,40000,24000,Bank Transfer,Completed
ORD01327,1/22/2024,CUST0141,PROD016,2,6400,0.1,12800,1280,11520,4000,8000,3520,Bank Transfer,Completed
ORD01913,1/22/2024,CUST0002,PROD036,3,247600,0.05,742800,37140,705660,191100,573300,132360,Bank Transfer,Completed
ORD01210,1/22/2024,CUST0282,PROD024,8,148600,0,1188800,0,1188800,96300,770400,418400,Bank Transfer,Pending
ORD01311,1/23/2024,CUST0013,PROD048,1,414500,0.1,414500,41450,373050,303100,303100,69950,Card,Pending
ORD01382,1/23/2024,CUST0080,PROD019,8,197300,0.15,1578400,236760,1341640,120800,966400,375240,Card,Completed
ORD01031,1/23/2024,CUST0090,PROD057,7,20100,0.1,140700,14070,126630,11700,81900,44730,Bank Transfer,Pending
ORD00327,1/23/2024,CUST0227,PROD022,9,238700,0.05,2148300,107415,2040885,134700,1212300,828585,Card,Completed
ORD02042,1/25/2024,CUST0178,PROD013,4,37000,0.15,148000,22200,125800,27000,108000,17800,Bank Transfer,Completed
ORD01544,1/25/2024,CUST0182,PROD015,10,24400,0,244000,0,244000,17600,176000,68000,Card,Completed
ORD01239,1/25/2024,CUST0148,PROD042,3,9300,0.1,27900,2790,25110,5400,16200,8910,Mobile Money,Completed
ORD02312,1/25/2024,CUST0047,PROD010,4,41400,0.1,165600,16560,149040,29700,118800,30240,Card,Completed
ORD00053,1/25/2024,CUST0210,PROD001,4,536800,0.15,2147200,322080,1825120,344100,1376400,448720,Mobile Money,Completed
ORD00859,1/26/2024,CUST0285,PROD035,4,82200,0.05,0,0,0,54600,0,0,Mobile Money,Cancelled
ORD01543,1/26/2024,CUST0018,PROD027,9,25700,0.1,0,0,0,16400,0,0,Mobile Money,Cancelled
ORD00607,1/26/2024,CUST0025,PROD026,2,35000,0.1,70000,7000,63000,23500,47000,16000,Bank Transfer,Completed
ORD01294,1/27/2024,CUST0009,PROD020,1,27300,0.15,27300,4095,23205,18400,18400,4805,Bank Transfer,Completed
ORD02494,1/27/2024,CUST0181,PROD008,8,284900,0,0,0,0,184900,0,0,Card,Cancelled
ORD01427,1/28/2024,CUST0104,PROD054,8,37100,0.25,296800,74200,222600,25500,204000,18600,Bank Transfer,Completed
ORD00556,1/28/2024,CUST0151,PROD050,9,79700,0.05,717300,35865,681435,49400,444600,236835,Mobile Money,Completed
ORD00181,1/29/2024,CUST0181,PROD043,2,188900,0.1,377800,37780,340020,153600,307200,32820,Card,Pending
ORD01964,1/29/2024,CUST0282,PROD024,1,148600,0.1,148600,14860,133740,96300,96300,37440,Bank Transfer,Completed
ORD00329,1/30/2024,CUST0149,PROD043,4,188900,0.05,755600,37780,717820,153600,614400,103420,Mobile Money,Pending
ORD01022,1/30/2024,CUST0158,PROD001,6,536800,0.15,3220800,483120,2737680,344100,2064600,673080,Card,Completed
ORD01328,1/30/2024,CUST0268,PROD027,7,25700,0.05,179900,8995,170905,16400,114800,56105,Bank Transfer,Completed
ORD01067,1/31/2024,CUST0259,PROD008,2,284900,0.15,569800,85470,484330,184900,369800,114530,Card,Completed
ORD01413,1/31/2024,CUST0179,PROD024,2,148600,0.15,297200,44580,252620,96300,192600,60020,Mobile Money,Completed
ORD01308,1/31/2024,CUST0111,PROD019,6,197300,0.1,0,0,0,120800,0,0,Cash,Cancelled
ORD00589,2/1/2024,CUST0225,PROD019,10,197300,0,0,0,0,120800,0,0,Mobile Money,Cancelled
ORD01820,2/1/2024,CUST0216,PROD029,7,183600,0.05,1285200,64260,1220940,105400,737800,483140,Card,Completed
ORD01486,2/2/2024,CUST0089,PROD056,9,58800,0.15,0,0,0,33300,0,0,Mobile Money,Cancelled
ORD01940,2/2/2024,CUST0044,PROD008,8,284900,0.1,2279200,227920,2051280,184900,1479200,572080,Cash,Completed
ORD01094,2/4/2024,CUST0265,PROD029,2,183600,0.1,367200,36720,330480,105400,210800,119680,Card,Pending
ORD00842,2/4/2024,CUST0283,PROD032,5,439700,0.2,2198500,439700,1758800,331400,1657000,101800,Mobile Money,Completed
ORD00829,2/4/2024,CUST0198,PROD058,10,228300,0.15,2283000,342450,1940550,139600,1396000,544550,Card,Completed
ORD02165,2/7/2024,CUST0186,PROD056,10,58800,0.1,588000,58800,529200,33300,333000,196200,Cash,Completed
ORD00389,2/7/2024,CUST0105,PROD004,3,560000,0.1,1680000,168000,1512000,348100,1044300,467700,Card,Completed
ORD01793,2/7/2024,CUST0144,PROD007,5,25700,0.05,128500,6425,122075,16900,84500,37575,Card,Completed
ORD02205,2/8/2024,CUST0058,PROD016,10,6400,0.15,64000,9600,54400,4000,40000,14400,Bank Transfer,Completed
ORD00283,2/8/2024,CUST0269,PROD042,3,9300,0.2,27900,5580,22320,5400,16200,6120,Bank Transfer,Completed
ORD01648,2/8/2024,CUST0036,PROD052,7,392100,0.1,2744700,274470,2470230,307200,2150400,319830,Cash,Completed
ORD02083,2/8/2024,CUST0106,PROD020,3,27300,0.2,81900,16380,65520,18400,55200,10320,Card,Completed
ORD00648,2/9/2024,CUST0141,PROD029,4,183600,0,734400,0,734400,105400,421600,312800,Bank Transfer,Completed
ORD01760,2/9/2024,CUST0079,PROD019,9,197300,0.1,1775700,177570,1598130,120800,1087200,510930,Bank Transfer,Completed
ORD02361,2/9/2024,CUST0297,PROD031,2,38500,0.15,77000,11550,65450,27800,55600,9850,Card,Pending
ORD02424,2/9/2024,CUST0013,PROD038,2,109100,0.1,218200,21820,196380,68900,137800,58580,Mobile Money,Completed
ORD02078,2/10/2024,CUST0284,PROD052,9,392100,0.15,3528900,529335,2999565,307200,2764800,234765,Bank Transfer,Pending
ORD01714,2/10/2024,CUST0013,PROD003,10,6900,0.1,69000,6900,62100,5200,52000,10100,Bank Transfer,Completed
ORD00812,2/10/2024,CUST0206,PROD037,1,107900,0.1,0,0,0,59400,0,0,Card,Cancelled
ORD00974,2/10/2024,CUST0106,PROD034,2,427500,0.25,855000,213750,641250,282400,564800,76450,Card,Completed
ORD01029,2/10/2024,CUST0292,PROD045,10,142000,0.05,1420000,71000,1349000,106400,1064000,285000,Mobile Money,Completed
ORD00713,2/10/2024,CUST0106,PROD018,7,29300,0.2,205100,41020,164080,21500,150500,13580,Bank Transfer,Completed
ORD00925,2/10/2024,CUST0042,PROD005,7,444900,0.2,3114300,622860,2491440,322200,2255400,236040,Mobile Money,Pending
ORD00021,2/11/2024,CUST0068,PROD051,2,121500,0.1,243000,24300,218700,92700,185400,33300,Mobile Money,Completed
ORD00202,2/12/2024,CUST0211,PROD023,7,121900,0.05,853300,42665,810635,79500,556500,254135,Card,Completed
ORD02076,2/12/2024,CUST0244,PROD018,5,29300,0.1,146500,14650,131850,21500,107500,24350,Mobile Money,Completed
ORD01881,2/12/2024,CUST0035,PROD010,5,41400,0.15,0,0,0,29700,0,0,Card,Cancelled
ORD00073,2/12/2024,CUST0268,PROD012,9,9700,0.15,87300,13095,74205,7500,67500,6705,Bank Transfer,Completed
ORD00557,2/12/2024,CUST0122,PROD043,6,188900,0.1,1133400,113340,1020060,153600,921600,98460,Bank Transfer,Pending
ORD00611,2/13/2024,CUST0127,PROD013,5,37000,0.1,0,0,0,27000,0,0,Bank Transfer,Cancelled
ORD02399,2/13/2024,CUST0176,PROD006,6,17200,0.15,103200,15480,87720,12200,73200,14520,Card,Completed
ORD01655,2/13/2024,CUST0130,PROD005,4,444900,0.05,1779600,88980,1690620,322200,1288800,401820,Mobile Money,Completed
ORD00315,2/13/2024,CUST0190,PROD030,6,409300,0.05,2455800,122790,2333010,331400,1988400,344610,Bank Transfer,Completed
ORD01446,2/13/2024,CUST0003,PROD060,9,341700,0.1,3075300,307530,2767770,223100,2007900,759870,Card,Completed
ORD02228,2/14/2024,CUST0080,PROD010,5,41400,0.05,207000,10350,196650,29700,148500,48150,Card,Pending
ORD01507,2/14/2024,CUST0165,PROD029,4,183600,0.05,0,0,0,105400,0,0,Bank Transfer,Cancelled
ORD01267,2/14/2024,CUST0221,PROD034,7,427500,0.1,2992500,299250,2693250,282400,1976800,716450,Card,Completed
ORD02055,2/15/2024,CUST0108,PROD038,6,109100,0.05,654600,32730,621870,68900,413400,208470,Card,Completed
ORD00441,2/16/2024,CUST0240,PROD038,1,109100,0.15,109100,16365,92735,68900,68900,23835,Card,Completed
ORD00731,2/16/2024,CUST0245,PROD035,7,82200,0.05,575400,28770,546630,54600,382200,164430,Cash,Completed
ORD01809,2/16/2024,CUST0068,PROD042,1,9300,0.15,9300,1395,7905,5400,5400,2505,Bank Transfer,Completed
ORD02089,2/16/2024,CUST0033,PROD030,5,409300,0.2,0,0,0,331400,0,0,Mobile Money,Cancelled
ORD01194,2/17/2024,CUST0037,PROD028,4,159200,0.05,636800,31840,604960,112500,450000,154960,Card,Pending
ORD02383,2/17/2024,CUST0138,PROD004,1,560000,0,560000,0,560000,348100,348100,211900,Mobile Money,Completed
ORD01441,2/18/2024,CUST0187,PROD054,8,37100,0.05,296800,14840,281960,25500,204000,77960,Bank Transfer,Pending
ORD01557,2/18/2024,CUST0248,PROD048,4,414500,0.1,1658000,165800,1492200,303100,1212400,279800,Cash,Completed
ORD02348,2/18/2024,CUST0185,PROD045,5,142000,0.05,710000,35500,674500,106400,532000,142500,Mobile Money,Completed
ORD00467,2/18/2024,CUST0209,PROD031,10,38500,0,385000,0,385000,27800,278000,107000,Mobile Money,Completed
ORD01005,2/18/2024,CUST0123,PROD041,4,24800,0.1,99200,9920,89280,16200,64800,24480,Bank Transfer,Completed
ORD00905,2/18/2024,CUST0052,PROD013,6,37000,0.1,222000,22200,199800,27000,162000,37800,Card,Completed
ORD01942,2/19/2024,CUST0051,PROD003,10,6900,0.1,69000,6900,62100,5200,52000,10100,Card,Pending
ORD00455,2/19/2024,CUST0162,PROD014,6,249000,0,1494000,0,1494000,141700,850200,643800,Bank Transfer,Completed
ORD01606,2/19/2024,CUST0277,PROD042,1,9300,0.05,9300,465,8835,5400,5400,3435,Bank Transfer,Pending
ORD02188,2/21/2024,CUST0042,PROD040,10,273300,0.1,2733000,273300,2459700,185400,1854000,605700,Mobile Money,Completed
ORD01304,2/22/2024,CUST0261,PROD007,6,25700,0.05,154200,7710,146490,16900,101400,45090,Card,Pending
ORD01447,2/22/2024,CUST0175,PROD049,1,4000,0.1,4000,400,3600,2300,2300,1300,Mobile Money,Pending
ORD01325,2/22/2024,CUST0298,PROD055,3,175400,0.1,526200,52620,473580,104000,312000,161580,Cash,Pending
ORD02419,2/23/2024,CUST0216,PROD046,4,29300,0.05,117200,5860,111340,22200,88800,22540,Card,Completed
ORD02062,2/23/2024,CUST0151,PROD056,4,58800,0.05,235200,11760,223440,33300,133200,90240,Cash,Completed
ORD01443,2/23/2024,CUST0227,PROD029,9,183600,0.1,1652400,165240,1487160,105400,948600,538560,Mobile Money,Completed
ORD01487,2/24/2024,CUST0056,PROD040,2,273300,0.1,546600,54660,491940,185400,370800,121140,Card,Pending
ORD00403,2/24/2024,CUST0066,PROD043,6,188900,0.15,1133400,170010,963390,153600,921600,41790,Bank Transfer,Completed
ORD02480,2/25/2024,CUST0170,PROD002,9,344400,0.05,3099600,154980,2944620,273600,2462400,482220,Card,Completed
ORD00087,2/25/2024,CUST0292,PROD021,1,36000,0.1,0,0,0,21600,0,0,Card,Cancelled
ORD00391,2/26/2024,CUST0044,PROD029,7,183600,0.1,1285200,128520,1156680,105400,737800,418880,Cash,Completed
ORD01225,2/26/2024,CUST0170,PROD043,1,188900,0.2,188900,37780,151120,153600,153600,-2480,Card,Completed
ORD02333,2/26/2024,CUST0004,PROD039,7,481400,0.25,0,0,0,392300,0,0,Bank Transfer,Cancelled
ORD00572,2/26/2024,CUST0106,PROD015,10,24400,0.15,244000,36600,207400,17600,176000,31400,Card,Completed
ORD00606,2/27/2024,CUST0248,PROD049,2,4000,0.05,8000,400,7600,2300,4600,3000,Card,Pending
ORD01707,2/27/2024,CUST0209,PROD054,1,37100,0.1,37100,3710,33390,25500,25500,7890,Card,Completed
ORD02423,2/28/2024,CUST0039,PROD047,10,22800,0.2,228000,45600,182400,14000,140000,42400,Mobile Money,Completed
ORD01101,2/28/2024,CUST0295,PROD015,6,24400,0.25,146400,36600,109800,17600,105600,4200,Bank Transfer,Completed
ORD01332,2/28/2024,CUST0199,PROD051,8,121500,0.2,972000,194400,777600,92700,741600,36000,Card,Completed
ORD02362,2/28/2024,CUST0252,PROD017,4,3200,0,12800,0,12800,2300,9200,3600,Mobile Money,Completed
ORD02026,2/28/2024,CUST0082,PROD046,10,29300,0.2,293000,58600,234400,22200,222000,12400,Card,Pending
ORD01509,2/28/2024,CUST0197,PROD056,10,58800,0.15,588000,88200,499800,33300,333000,166800,Card,Completed
ORD01939,2/28/2024,CUST0086,PROD028,8,159200,0.15,1273600,191040,1082560,112500,900000,182560,Card,Pending
ORD00411,2/29/2024,CUST0250,PROD036,9,247600,0.2,2228400,445680,1782720,191100,1719900,62820,Mobile Money,Completed
ORD00076,2/29/2024,CUST0020,PROD021,1,36000,0.15,36000,5400,30600,21600,21600,9000,Card,Completed
ORD02450,3/1/2024,CUST0297,PROD047,3,22800,0.05,0,0,0,14000,0,0,Mobile Money,Cancelled
ORD02186,3/1/2024,CUST0055,PROD036,7,247600,0.25,1733200,433300,1299900,191100,1337700,-37800,Card,Completed
ORD02096,3/1/2024,CUST0074,PROD001,9,536800,0.1,0,0,0,344100,0,0,Card,Cancelled
ORD02444,3/2/2024,CUST0200,PROD055,6,175400,0,1052400,0,1052400,104000,624000,428400,Mobile Money,Completed
ORD00825,3/2/2024,CUST0104,PROD002,3,344400,0.1,1033200,103320,929880,273600,820800,109080,Bank Transfer,Pending
ORD02373,3/2/2024,CUST0214,PROD030,8,409300,0.2,3274400,654880,2619520,331400,2651200,-31680,Mobile Money,Completed
ORD02147,3/3/2024,CUST0168,PROD043,3,188900,0.15,566700,85005,481695,153600,460800,20895,Mobile Money,Pending
ORD01030,3/3/2024,CUST0018,PROD026,5,35000,0.2,175000,35000,140000,23500,117500,22500,Card,Completed
ORD00791,3/3/2024,CUST0164,PROD002,2,344400,0.1,688800,68880,619920,273600,547200,72720,Cash,Completed
ORD00113,3/3/2024,CUST0234,PROD027,9,25700,0.05,231300,11565,219735,16400,147600,72135,Card,Completed
ORD01151,3/4/2024,CUST0111,PROD044,3,11500,0.2,34500,6900,27600,6400,19200,8400,Card,Completed
ORD00138,3/5/2024,CUST0271,PROD031,1,38500,0.1,38500,3850,34650,27800,27800,6850,Card,Completed
ORD00846,3/5/2024,CUST0043,PROD057,8,20100,0.15,160800,24120,136680,11700,93600,43080,Cash,Pending
ORD01874,3/5/2024,CUST0271,PROD009,4,9600,0.1,38400,3840,34560,6200,24800,9760,Mobile Money,Pending
ORD02031,3/5/2024,CUST0088,PROD011,5,20000,0.25,100000,25000,75000,13400,67000,8000,Cash,Completed
ORD01237,3/5/2024,CUST0077,PROD052,1,392100,0.1,392100,39210,352890,307200,307200,45690,Mobile Money,Pending
ORD01433,3/5/2024,CUST0172,PROD032,10,439700,0.05,4397000,219850,4177150,331400,3314000,863150,Mobile Money,Completed
ORD00573,3/6/2024,CUST0139,PROD008,6,284900,0.05,0,0,0,184900,0,0,Bank Transfer,Cancelled
ORD00727,3/6/2024,CUST0194,PROD055,4,175400,0.05,701600,35080,666520,104000,416000,250520,Bank Transfer,Completed
ORD00609,3/6/2024,CUST0206,PROD022,1,238700,0.25,0,0,0,134700,0,0,Card,Cancelled
ORD00355,3/6/2024,CUST0247,PROD026,4,35000,0.05,140000,7000,133000,23500,94000,39000,Card,Pending
ORD01273,3/6/2024,CUST0042,PROD028,7,159200,0,1114400,0,1114400,112500,787500,326900,Card,Completed
ORD00030,3/7/2024,CUST0048,PROD038,3,109100,0.25,0,0,0,68900,0,0,Cash,Cancelled
ORD02046,3/8/2024,CUST0263,PROD056,1,58800,0.2,58800,11760,47040,33300,33300,13740,Card,Completed
ORD01107,3/8/2024,CUST0006,PROD023,10,121900,0,1219000,0,1219000,79500,795000,424000,Mobile Money,Completed
ORD00595,3/8/2024,CUST0202,PROD023,4,121900,0.05,487600,24380,463220,79500,318000,145220,Card,Completed
ORD00814,3/8/2024,CUST0217,PROD028,3,159200,0.2,477600,95520,382080,112500,337500,44580,Card,Completed
ORD01554,3/8/2024,CUST0250,PROD023,4,121900,0.2,487600,97520,390080,79500,318000,72080,Mobile Money,Pending
ORD01108,3/9/2024,CUST0111,PROD059,3,534000,0.15,0,0,0,343000,0,0,Mobile Money,Cancelled
ORD02176,3/9/2024,CUST0206,PROD009,1,9600,0.05,9600,480,9120,6200,6200,2920,Card,Completed
ORD01937,3/9/2024,CUST0189,PROD020,7,27300,0.05,191100,9555,181545,18400,128800,52745,Card,Completed
ORD02092,3/9/2024,CUST0105,PROD011,10,20000,0,0,0,0,13400,0,0,Card,Cancelled
ORD02470,3/10/2024,CUST0278,PROD019,8,197300,0.1,1578400,157840,1420560,120800,966400,454160,Card,Completed
ORD00516,3/10/2024,CUST0044,PROD025,4,72800,0.25,0,0,0,59600,0,0,Bank Transfer,Cancelled
ORD00374,3/10/2024,CUST0290,PROD035,4,82200,0.1,328800,32880,295920,54600,218400,77520,Bank Transfer,Pending
ORD02291,3/11/2024,CUST0017,PROD036,8,247600,0.2,1980800,396160,1584640,191100,1528800,55840,Bank Transfer,Completed
ORD00633,3/12/2024,CUST0144,PROD049,10,4000,0.15,40000,6000,34000,2300,23000,11000,Bank Transfer,Pending
ORD02314,3/13/2024,CUST0103,PROD039,8,481400,0.15,3851200,577680,3273520,392300,3138400,135120,Bank Transfer,Completed
ORD01858,3/13/2024,CUST0019,PROD006,7,17200,0.15,120400,18060,102340,12200,85400,16940,Mobile Money,Pending
ORD01020,3/13/2024,CUST0132,PROD033,4,36700,0,146800,0,146800,21900,87600,59200,Mobile Money,Pending
ORD02122,3/13/2024,CUST0170,PROD016,7,6400,0.25,44800,11200,33600,4000,28000,5600,Card,Completed
ORD00033,3/13/2024,CUST0110,PROD027,3,25700,0.1,0,0,0,16400,0,0,Card,Cancelled
ORD00792,3/13/2024,CUST0159,PROD056,1,58800,0.05,58800,2940,55860,33300,33300,22560,Cash,Completed
ORD02019,3/13/2024,CUST0104,PROD038,3,109100,0.1,327300,32730,294570,68900,206700,87870,Bank Transfer,Completed
ORD02053,3/13/2024,CUST0065,PROD060,7,341700,0.1,2391900,239190,2152710,223100,1561700,591010,Bank Transfer,Completed
ORD02074,3/13/2024,CUST0009,PROD007,10,25700,0.15,257000,38550,218450,16900,169000,49450,Bank Transfer,Completed
ORD01658,3/14/2024,CUST0087,PROD008,10,284900,0.1,2849000,284900,2564100,184900,1849000,715100,Mobile Money,Completed
ORD01314,3/14/2024,CUST0189,PROD041,8,24800,0.1,198400,19840,178560,16200,129600,48960,Bank Transfer,Completed
ORD00468,3/14/2024,CUST0022,PROD045,4,142000,0.2,568000,113600,454400,106400,425600,28800,Mobile Money,Pending
ORD00447,3/15/2024,CUST0090,PROD058,6,228300,0,1369800,0,1369800,139600,837600,532200,Mobile Money,Pending
ORD01033,3/15/2024,CUST0255,PROD058,10,228300,0.2,2283000,456600,1826400,139600,1396000,430400,Cash,Completed
ORD00717,3/15/2024,CUST0147,PROD002,6,344400,0.05,2066400,103320,1963080,273600,1641600,321480,Mobile Money,Completed
ORD01261,3/15/2024,CUST0035,PROD008,7,284900,0.1,1994300,199430,1794870,184900,1294300,500570,Card,Pending
ORD01340,3/15/2024,CUST0157,PROD048,10,414500,0.05,4145000,207250,3937750,303100,3031000,906750,Bank Transfer,Completed
ORD01075,3/15/2024,CUST0068,PROD028,4,159200,0.1,0,0,0,112500,0,0,Card,Cancelled
ORD02213,3/16/2024,CUST0161,PROD054,10,37100,0.2,371000,74200,296800,25500,255000,41800,Bank Transfer,Completed
ORD00873,3/16/2024,CUST0016,PROD020,6,27300,0.15,0,0,0,18400,0,0,Bank Transfer,Cancelled
ORD01869,3/16/2024,CUST0069,PROD057,7,20100,0.05,0,0,0,11700,0,0,Card,Cancelled
ORD00417,3/16/2024,CUST0091,PROD050,4,79700,0.1,318800,31880,286920,49400,197600,89320,Cash,Completed
ORD02486,3/17/2024,CUST0225,PROD035,8,82200,0,657600,0,657600,54600,436800,220800,Cash,Completed
ORD01100,3/17/2024,CUST0251,PROD020,6,27300,0.1,163800,16380,147420,18400,110400,37020,Mobile Money,Completed
ORD01884,3/18/2024,CUST0014,PROD033,10,36700,0.1,367000,36700,330300,21900,219000,111300,Bank Transfer,Completed
ORD00445,3/18/2024,CUST0267,PROD058,1,228300,0.15,0,0,0,139600,0,0,Bank Transfer,Cancelled
ORD00190,3/19/2024,CUST0271,PROD042,3,9300,0.1,27900,2790,25110,5400,16200,8910,Card,Completed
ORD02035,3/19/2024,CUST0254,PROD039,5,481400,0.05,2407000,120350,2286650,392300,1961500,325150,Bank Transfer,Completed
ORD00600,3/19/2024,CUST0047,PROD008,6,284900,0.05,1709400,85470,1623930,184900,1109400,514530,Mobile Money,Completed
ORD00059,3/19/2024,CUST0064,PROD051,6,121500,0.15,729000,109350,619650,92700,556200,63450,Mobile Money,Completed
ORD01519,3/19/2024,CUST0018,PROD039,2,481400,0.1,962800,96280,866520,392300,784600,81920,Bank Transfer,Completed
ORD00098,3/20/2024,CUST0116,PROD001,8,536800,0.15,4294400,644160,3650240,344100,2752800,897440,Card,Completed
ORD00997,3/21/2024,CUST0071,PROD049,1,4000,0.05,0,0,0,2300,0,0,Card,Cancelled
ORD01839,3/21/2024,CUST0296,PROD021,5,36000,0.05,0,0,0,21600,0,0,Card,Cancelled
ORD01982,3/22/2024,CUST0291,PROD057,8,20100,0.15,160800,24120,136680,11700,93600,43080,Bank Transfer,Completed
ORD01704,3/22/2024,CUST0062,PROD007,1,25700,0,25700,0,25700,16900,16900,8800,Bank Transfer,Completed
ORD00533,3/22/2024,CUST0287,PROD060,1,341700,0.2,341700,68340,273360,223100,223100,50260,Bank Transfer,Pending
ORD02350,3/22/2024,CUST0106,PROD017,3,3200,0.15,9600,1440,8160,2300,6900,1260,Card,Completed
ORD01189,3/22/2024,CUST0028,PROD029,8,183600,0.1,1468800,146880,1321920,105400,843200,478720,Bank Transfer,Completed
ORD02050,3/23/2024,CUST0240,PROD055,6,175400,0,1052400,0,1052400,104000,624000,428400,Card,Completed
ORD00782,3/23/2024,CUST0201,PROD017,3,3200,0.05,9600,480,9120,2300,6900,2220,Mobile Money,Completed
ORD01269,3/23/2024,CUST0025,PROD040,8,273300,0,2186400,0,2186400,185400,1483200,703200,Bank Transfer,Completed
ORD00090,3/23/2024,CUST0299,PROD038,1,109100,0.05,0,0,0,68900,0,0,Bank Transfer,Cancelled
ORD01368,3/23/2024,CUST0217,PROD010,2,41400,0.15,82800,12420,70380,29700,59400,10980,Bank Transfer,Completed
ORD00969,3/24/2024,CUST0093,PROD027,9,25700,0.05,231300,11565,219735,16400,147600,72135,Mobile Money,Completed
ORD01740,3/24/2024,CUST0183,PROD038,7,109100,0.05,763700,38185,725515,68900,482300,243215,Card,Completed
ORD00986,3/24/2024,CUST0138,PROD030,7,409300,0.2,2865100,573020,2292080,331400,2319800,-27720,Bank Transfer,Completed
ORD01953,3/24/2024,CUST0289,PROD046,5,29300,0.15,146500,21975,124525,22200,111000,13525,Bank Transfer,Completed
ORD01786,3/25/2024,CUST0046,PROD055,4,175400,0,0,0,0,104000,0,0,Bank Transfer,Cancelled
ORD01654,3/26/2024,CUST0069,PROD057,1,20100,0.1,20100,2010,18090,11700,11700,6390,Mobile Money,Completed
ORD00579,3/26/2024,CUST0022,PROD026,5,35000,0.05,175000,8750,166250,23500,117500,48750,Mobile Money,Completed
ORD01095,3/27/2024,CUST0150,PROD050,6,79700,0.1,478200,47820,430380,49400,296400,133980,Card,Pending
ORD02211,3/27/2024,CUST0063,PROD039,7,481400,0.1,3369800,336980,3032820,392300,2746100,286720,Mobile Money,Pending
ORD00881,3/27/2024,CUST0194,PROD024,3,148600,0.05,445800,22290,423510,96300,288900,134610,Mobile Money,Completed
ORD00201,3/27/2024,CUST0038,PROD001,3,536800,0.1,1610400,161040,1449360,344100,1032300,417060,Bank Transfer,Pending
ORD00196,3/27/2024,CUST0218,PROD002,8,344400,0,2755200,0,2755200,273600,2188800,566400,Card,Completed
ORD00314,3/28/2024,CUST0042,PROD048,8,414500,0.15,3316000,497400,2818600,303100,2424800,393800,Bank Transfer,Completed
ORD01841,3/28/2024,CUST0078,PROD060,2,341700,0,0,0,0,223100,0,0,Card,Cancelled
ORD02158,3/28/2024,CUST0214,PROD032,6,439700,0,0,0,0,331400,0,0,Bank Transfer,Cancelled
ORD01352,3/28/2024,CUST0153,PROD012,10,9700,0.15,97000,14550,82450,7500,75000,7450,Mobile Money,Pending
ORD00807,3/29/2024,CUST0128,PROD031,10,38500,0.05,385000,19250,365750,27800,278000,87750,Card,Completed
ORD01905,3/29/2024,CUST0019,PROD017,3,3200,0,9600,0,9600,2300,6900,2700,Mobile Money,Completed
ORD01618,3/30/2024,CUST0187,PROD008,8,284900,0.1,2279200,227920,2051280,184900,1479200,572080,Cash,Completed
ORD01538,3/30/2024,CUST0290,PROD031,5,38500,0.05,192500,9625,182875,27800,139000,43875,Card,Completed
ORD02498,3/31/2024,CUST0189,PROD002,1,344400,0.15,344400,51660,292740,273600,273600,19140,Cash,Completed
ORD01152,3/31/2024,CUST0137,PROD032,2,439700,0.15,879400,131910,747490,331400,662800,84690,Bank Transfer,Completed
ORD01703,3/31/2024,CUST0015,PROD050,4,79700,0,318800,0,318800,49400,197600,121200,Card,Completed
ORD00121,4/1/2024,CUST0276,PROD011,6,20000,0.15,120000,18000,102000,13400,80400,21600,Cash,Completed
ORD02145,4/1/2024,CUST0247,PROD028,9,159200,0.15,1432800,214920,1217880,112500,1012500,205380,Card,Completed
ORD00065,4/1/2024,CUST0242,PROD009,3,9600,0.1,0,0,0,6200,0,0,Card,Cancelled
ORD02403,4/1/2024,CUST0296,PROD002,3,344400,0.2,1033200,206640,826560,273600,820800,5760,Card,Completed
ORD02316,4/2/2024,CUST0027,PROD001,6,536800,0.1,3220800,322080,2898720,344100,2064600,834120,Card,Completed
ORD01653,4/2/2024,CUST0185,PROD054,5,37100,0.1,0,0,0,25500,0,0,Bank Transfer,Cancelled
ORD01596,4/2/2024,CUST0207,PROD017,1,3200,0.15,0,0,0,2300,0,0,Card,Cancelled
ORD02280,4/2/2024,CUST0196,PROD051,8,121500,0.15,972000,145800,826200,92700,741600,84600,Card,Completed
ORD00896,4/2/2024,CUST0260,PROD024,2,148600,0.05,297200,14860,282340,96300,192600,89740,Card,Pending
ORD01907,4/4/2024,CUST0012,PROD025,4,72800,0.15,291200,43680,247520,59600,238400,9120,Card,Completed
ORD00046,4/4/2024,CUST0014,PROD059,4,534000,0.25,2136000,534000,1602000,343000,1372000,230000,Card,Completed
ORD01347,4/5/2024,CUST0276,PROD041,1,24800,0,0,0,0,16200,0,0,Card,Cancelled
ORD02370,4/5/2024,CUST0078,PROD050,2,79700,0,159400,0,159400,49400,98800,60600,Mobile Money,Completed
ORD01844,4/5/2024,CUST0044,PROD038,1,109100,0.25,109100,27275,81825,68900,68900,12925,Card,Completed
ORD00612,4/6/2024,CUST0025,PROD028,3,159200,0.15,477600,71640,405960,112500,337500,68460,Card,Completed
ORD02199,4/6/2024,CUST0030,PROD009,3,9600,0.1,28800,2880,25920,6200,18600,7320,Mobile Money,Completed
ORD01934,4/6/2024,CUST0129,PROD046,8,29300,0.2,234400,46880,187520,22200,177600,9920,Mobile Money,Completed
ORD00182,4/6/2024,CUST0184,PROD028,5,159200,0.15,0,0,0,112500,0,0,Mobile Money,Cancelled
ORD01991,4/7/2024,CUST0139,PROD043,7,188900,0.05,0,0,0,153600,0,0,Card,Cancelled
ORD00574,4/7/2024,CUST0299,PROD019,7,197300,0.15,1381100,207165,1173935,120800,845600,328335,Mobile Money,Completed
ORD01139,4/8/2024,CUST0025,PROD039,8,481400,0.05,3851200,192560,3658640,392300,3138400,520240,Bank Transfer,Completed
ORD00091,4/8/2024,CUST0150,PROD044,2,11500,0,23000,0,23000,6400,12800,10200,Bank Transfer,Pending
ORD01725,4/8/2024,CUST0166,PROD010,7,41400,0.05,289800,14490,275310,29700,207900,67410,Mobile Money,Completed
ORD01876,4/9/2024,CUST0017,PROD033,9,36700,0.15,0,0,0,21900,0,0,Card,Cancelled
ORD01412,4/9/2024,CUST0222,PROD046,3,29300,0.05,0,0,0,22200,0,0,Card,Cancelled
ORD02025,4/9/2024,CUST0156,PROD060,10,341700,0.25,0,0,0,223100,0,0,Card,Cancelled
ORD01419,4/9/2024,CUST0109,PROD008,2,284900,0.25,569800,142450,427350,184900,369800,57550,Bank Transfer,Pending
ORD00197,4/10/2024,CUST0219,PROD025,5,72800,0.15,364000,54600,309400,59600,298000,11400,Card,Pending
ORD00015,4/10/2024,CUST0003,PROD031,3,38500,0,115500,0,115500,27800,83400,32100,Card,Completed
ORD01397,4/10/2024,CUST0126,PROD009,7,9600,0.25,67200,16800,50400,6200,43400,7000,Mobile Money,Completed
ORD00104,4/10/2024,CUST0155,PROD031,8,38500,0,308000,0,308000,27800,222400,85600,Bank Transfer,Completed
ORD00376,4/10/2024,CUST0250,PROD039,5,481400,0.1,2407000,240700,2166300,392300,1961500,204800,Bank Transfer,Completed
ORD01386,4/10/2024,CUST0191,PROD043,4,188900,0,755600,0,755600,153600,614400,141200,Cash,Completed
ORD01177,4/11/2024,CUST0045,PROD006,6,17200,0.25,103200,25800,77400,12200,73200,4200,Bank Transfer,Pending
ORD00671,4/11/2024,CUST0195,PROD010,9,41400,0.15,372600,55890,316710,29700,267300,49410,Card,Completed
ORD01452,4/11/2024,CUST0095,PROD021,5,36000,0.05,0,0,0,21600,0,0,Bank Transfer,Cancelled
ORD01835,4/11/2024,CUST0187,PROD039,9,481400,0.15,4332600,649890,3682710,392300,3530700,152010,Bank Transfer,Completed
ORD01560,4/11/2024,CUST0263,PROD025,10,72800,0.1,728000,72800,655200,59600,596000,59200,Card,Completed
ORD02298,4/12/2024,CUST0288,PROD021,4,36000,0,144000,0,144000,21600,86400,57600,Card,Completed
ORD00948,4/12/2024,CUST0116,PROD029,4,183600,0.15,734400,110160,624240,105400,421600,202640,Card,Pending
ORD01525,4/13/2024,CUST0125,PROD041,10,24800,0.1,0,0,0,16200,0,0,Bank Transfer,Cancelled
ORD02485,4/13/2024,CUST0087,PROD013,3,37000,0.2,111000,22200,88800,27000,81000,7800,Cash,Completed
ORD01140,4/13/2024,CUST0018,PROD025,5,72800,0.2,364000,72800,291200,59600,298000,-6800,Cash,Pending
ORD01472,4/13/2024,CUST0222,PROD012,2,9700,0.05,19400,970,18430,7500,15000,3430,Card,Completed
ORD00637,4/13/2024,CUST0076,PROD038,5,109100,0.05,545500,27275,518225,68900,344500,173725,Bank Transfer,Completed
ORD01843,4/13/2024,CUST0162,PROD007,9,25700,0.2,231300,46260,185040,16900,152100,32940,Bank Transfer,Completed
ORD00345,4/13/2024,CUST0218,PROD022,10,238700,0.1,2387000,238700,2148300,134700,1347000,801300,Mobile Money,Completed
ORD01254,4/13/2024,CUST0259,PROD027,5,25700,0.05,0,0,0,16400,0,0,Bank Transfer,Cancelled
ORD00975,4/14/2024,CUST0047,PROD020,10,27300,0.15,273000,40950,232050,18400,184000,48050,Cash,Completed
ORD01715,4/14/2024,CUST0271,PROD059,3,534000,0.05,1602000,80100,1521900,343000,1029000,492900,Card,Pending
ORD00171,4/14/2024,CUST0192,PROD057,4,20100,0,0,0,0,11700,0,0,Bank Transfer,Cancelled
ORD01014,4/16/2024,CUST0187,PROD053,5,247900,0.25,1239500,309875,929625,177100,885500,44125,Card,Completed
ORD00330,4/17/2024,CUST0115,PROD045,2,142000,0.05,284000,14200,269800,106400,212800,57000,Card,Completed
ORD02009,4/17/2024,CUST0034,PROD022,7,238700,0.2,0,0,0,134700,0,0,Card,Cancelled
ORD00942,4/18/2024,CUST0088,PROD023,7,121900,0.1,853300,85330,767970,79500,556500,211470,Cash,Completed
ORD00416,4/18/2024,CUST0112,PROD029,10,183600,0.05,1836000,91800,1744200,105400,1054000,690200,Mobile Money,Pending
ORD01105,4/18/2024,CUST0029,PROD050,3,79700,0.1,239100,23910,215190,49400,148200,66990,Mobile Money,Completed
ORD01743,4/18/2024,CUST0274,PROD041,3,24800,0.15,74400,11160,63240,16200,48600,14640,Card,Completed
ORD00665,4/18/2024,CUST0270,PROD040,10,273300,0,2733000,0,2733000,185400,1854000,879000,Card,Completed
ORD01871,4/18/2024,CUST0181,PROD028,8,159200,0.2,1273600,254720,1018880,112500,900000,118880,Cash,Pending
ORD01119,4/18/2024,CUST0136,PROD037,7,107900,0.05,755300,37765,717535,59400,415800,301735,Bank Transfer,Pending
ORD02203,4/18/2024,CUST0145,PROD047,2,22800,0.25,45600,11400,34200,14000,28000,6200,Card,Completed
ORD01729,4/18/2024,CUST0145,PROD045,10,142000,0.1,1420000,142000,1278000,106400,1064000,214000,Card,Completed
ORD00047,4/19/2024,CUST0203,PROD001,8,536800,0.15,0,0,0,344100,0,0,Mobile Money,Cancelled
ORD01286,4/20/2024,CUST0244,PROD028,3,159200,0.1,477600,47760,429840,112500,337500,92340,Card,Pending
ORD01457,4/20/2024,CUST0050,PROD051,4,121500,0.1,0,0,0,92700,0,0,Bank Transfer,Cancelled
ORD00335,4/20/2024,CUST0006,PROD036,3,247600,0.2,742800,148560,594240,191100,573300,20940,Cash,Pending
ORD01832,4/20/2024,CUST0130,PROD029,9,183600,0.05,1652400,82620,1569780,105400,948600,621180,Bank Transfer,Pending
ORD01134,4/20/2024,CUST0188,PROD039,6,481400,0.15,2888400,433260,2455140,392300,2353800,101340,Bank Transfer,Completed
ORD02086,4/20/2024,CUST0075,PROD026,6,35000,0.05,0,0,0,23500,0,0,Bank Transfer,Cancelled
ORD00356,4/21/2024,CUST0188,PROD021,10,36000,0,360000,0,360000,21600,216000,144000,Card,Completed
ORD01802,4/21/2024,CUST0090,PROD004,5,560000,0.25,2800000,700000,2100000,348100,1740500,359500,Bank Transfer,Completed
ORD00571,4/21/2024,CUST0112,PROD011,1,20000,0.1,20000,2000,18000,13400,13400,4600,Card,Completed
ORD01748,4/21/2024,CUST0082,PROD017,4,3200,0.15,12800,1920,10880,2300,9200,1680,Bank Transfer,Pending
ORD01231,4/22/2024,CUST0109,PROD021,9,36000,0.2,324000,64800,259200,21600,194400,64800,Mobile Money,Completed
ORD00427,4/22/2024,CUST0180,PROD004,6,560000,0.05,3360000,168000,3192000,348100,2088600,1103400,Card,Completed
ORD01926,4/22/2024,CUST0240,PROD033,9,36700,0.1,330300,33030,297270,21900,197100,100170,Mobile Money,Completed
ORD00970,4/22/2024,CUST0173,PROD006,6,17200,0.05,103200,5160,98040,12200,73200,24840,Mobile Money,Completed
ORD00278,4/22/2024,CUST0013,PROD011,10,20000,0.2,200000,40000,160000,13400,134000,26000,Card,Completed
ORD00432,4/22/2024,CUST0005,PROD044,8,11500,0.1,92000,9200,82800,6400,51200,31600,Mobile Money,Completed
ORD01208,4/23/2024,CUST0214,PROD037,10,107900,0.05,0,0,0,59400,0,0,Card,Cancelled
ORD01706,4/23/2024,CUST0284,PROD049,8,4000,0,32000,0,32000,2300,18400,13600,Bank Transfer,Pending
ORD02249,4/24/2024,CUST0237,PROD039,6,481400,0.05,2888400,144420,2743980,392300,2353800,390180,Card,Completed
ORD00756,4/24/2024,CUST0182,PROD058,9,228300,0.1,2054700,205470,1849230,139600,1256400,592830,Mobile Money,Completed
ORD01701,4/25/2024,CUST0041,PROD044,10,11500,0.2,115000,23000,92000,6400,64000,28000,Bank Transfer,Completed
ORD01197,4/25/2024,CUST0127,PROD030,9,409300,0.05,3683700,184185,3499515,331400,2982600,516915,Mobile Money,Completed
ORD02347,4/25/2024,CUST0135,PROD048,7,414500,0.1,2901500,290150,2611350,303100,2121700,489650,Card,Completed
ORD01153,4/26/2024,CUST0232,PROD050,1,79700,0.25,79700,19925,59775,49400,49400,10375,Bank Transfer,Pending
ORD00055,4/26/2024,CUST0277,PROD043,9,188900,0.1,1700100,170010,1530090,153600,1382400,147690,Mobile Money,Completed
ORD00420,4/26/2024,CUST0227,PROD015,2,24400,0.1,48800,4880,43920,17600,35200,8720,Mobile Money,Completed
ORD01442,4/27/2024,CUST0209,PROD016,6,6400,0.15,38400,5760,32640,4000,24000,8640,Mobile Money,Completed
ORD01938,4/27/2024,CUST0044,PROD029,9,183600,0,1652400,0,1652400,105400,948600,703800,Bank Transfer,Completed
ORD00435,4/27/2024,CUST0037,PROD011,2,20000,0.2,40000,8000,32000,13400,26800,5200,Mobile Money,Completed
ORD00981,4/27/2024,CUST0217,PROD021,10,36000,0.2,360000,72000,288000,21600,216000,72000,Card,Completed
ORD02261,4/27/2024,CUST0042,PROD041,3,24800,0.05,74400,3720,70680,16200,48600,22080,Mobile Money,Completed
ORD01036,4/27/2024,CUST0087,PROD046,2,29300,0.15,58600,8790,49810,22200,44400,5410,Cash,Completed
ORD00394,4/28/2024,CUST0162,PROD055,4,175400,0.15,701600,105240,596360,104000,416000,180360,Cash,Completed
ORD00249,4/28/2024,CUST0287,PROD024,5,148600,0.1,743000,74300,668700,96300,481500,187200,Bank Transfer,Completed
ORD01468,4/28/2024,CUST0190,PROD049,4,4000,0.2,16000,3200,12800,2300,9200,3600,Card,Completed
ORD00174,4/29/2024,CUST0238,PROD027,4,25700,0,0,0,0,16400,0,0,Card,Cancelled
ORD02476,4/29/2024,CUST0293,PROD023,1,121900,0.1,121900,12190,109710,79500,79500,30210,Mobile Money,Pending
ORD00798,4/29/2024,CUST0012,PROD009,5,9600,0,48000,0,48000,6200,31000,17000,Card,Completed
ORD02162,4/30/2024,CUST0076,PROD026,3,35000,0,0,0,0,23500,0,0,Bank Transfer,Cancelled
ORD02367,5/1/2024,CUST0179,PROD021,8,36000,0.05,0,0,0,21600,0,0,Bank Transfer,Cancelled
ORD01580,5/1/2024,CUST0185,PROD007,10,25700,0.1,257000,25700,231300,16900,169000,62300,Mobile Money,Completed
ORD01089,5/1/2024,CUST0167,PROD031,8,38500,0.2,308000,61600,246400,27800,222400,24000,Bank Transfer,Completed
ORD00279,5/1/2024,CUST0096,PROD018,7,29300,0.1,205100,20510,184590,21500,150500,34090,Card,Completed
ORD02136,5/2/2024,CUST0049,PROD035,1,82200,0.05,82200,4110,78090,54600,54600,23490,Mobile Money,Completed
ORD01270,5/2/2024,CUST0016,PROD028,6,159200,0,0,0,0,112500,0,0,Cash,Cancelled
ORD01520,5/3/2024,CUST0097,PROD042,10,9300,0.1,93000,9300,83700,5400,54000,29700,Card,Pending
ORD02378,5/3/2024,CUST0176,PROD048,8,414500,0.05,3316000,165800,3150200,303100,2424800,725400,Card,Pending
ORD00270,5/3/2024,CUST0229,PROD026,2,35000,0.05,70000,3500,66500,23500,47000,19500,Card,Completed
ORD00109,5/3/2024,CUST0073,PROD043,4,188900,0.15,755600,113340,642260,153600,614400,27860,Card,Completed
ORD00735,5/3/2024,CUST0004,PROD060,8,341700,0.1,2733600,273360,2460240,223100,1784800,675440,Card,Completed
ORD01093,5/3/2024,CUST0119,PROD015,1,24400,0.15,24400,3660,20740,17600,17600,3140,Card,Completed
ORD01925,5/3/2024,CUST0014,PROD020,5,27300,0.1,136500,13650,122850,18400,92000,30850,Mobile Money,Completed
ORD00446,5/3/2024,CUST0108,PROD020,2,27300,0,0,0,0,18400,0,0,Bank Transfer,Cancelled
ORD01090,5/4/2024,CUST0224,PROD043,7,188900,0.1,1322300,132230,1190070,153600,1075200,114870,Card,Pending
ORD01085,5/4/2024,CUST0085,PROD023,2,121900,0.2,0,0,0,79500,0,0,Bank Transfer,Cancelled
ORD01632,5/4/2024,CUST0140,PROD015,6,24400,0.1,146400,14640,131760,17600,105600,26160,Card,Completed
ORD01057,5/5/2024,CUST0029,PROD032,5,439700,0.2,2198500,439700,1758800,331400,1657000,101800,Bank Transfer,Completed
ORD01216,5/5/2024,CUST0115,PROD011,4,20000,0.05,80000,4000,76000,13400,53600,22400,Card,Completed
ORD01928,5/5/2024,CUST0149,PROD056,10,58800,0.05,588000,29400,558600,33300,333000,225600,Bank Transfer,Completed
ORD00932,5/6/2024,CUST0065,PROD029,3,183600,0,550800,0,550800,105400,316200,234600,Mobile Money,Completed
ORD00820,5/6/2024,CUST0195,PROD002,1,344400,0.15,344400,51660,292740,273600,273600,19140,Bank Transfer,Completed
ORD02067,5/6/2024,CUST0068,PROD028,9,159200,0.15,1432800,214920,1217880,112500,1012500,205380,Card,Completed
ORD01248,5/6/2024,CUST0134,PROD042,4,9300,0.15,37200,5580,31620,5400,21600,10020,Card,Pending
ORD01006,5/6/2024,CUST0299,PROD006,1,17200,0.15,17200,2580,14620,12200,12200,2420,Card,Completed
ORD02259,5/6/2024,CUST0118,PROD057,10,20100,0.05,201000,10050,190950,11700,117000,73950,Bank Transfer,Pending
ORD00063,5/7/2024,CUST0104,PROD010,3,41400,0.15,124200,18630,105570,29700,89100,16470,Bank Transfer,Completed
ORD01961,5/7/2024,CUST0180,PROD027,8,25700,0.25,205600,51400,154200,16400,131200,23000,Mobile Money,Completed
ORD01878,5/7/2024,CUST0149,PROD051,6,121500,0.15,729000,109350,619650,92700,556200,63450,Mobile Money,Completed
ORD00333,5/7/2024,CUST0156,PROD053,2,247900,0.1,495800,49580,446220,177100,354200,92020,Card,Pending
ORD01246,5/7/2024,CUST0058,PROD024,7,148600,0.1,1040200,104020,936180,96300,674100,262080,Bank Transfer,Completed
ORD01684,5/8/2024,CUST0103,PROD022,1,238700,0.25,238700,59675,179025,134700,134700,44325,Mobile Money,Pending
ORD02451,5/8/2024,CUST0020,PROD048,2,414500,0.05,829000,41450,787550,303100,606200,181350,Card,Completed
ORD00663,5/8/2024,CUST0101,PROD048,3,414500,0.1,1243500,124350,1119150,303100,909300,209850,Bank Transfer,Completed
ORD00341,5/8/2024,CUST0293,PROD050,8,79700,0.05,637600,31880,605720,49400,395200,210520,Mobile Money,Completed
ORD00177,5/8/2024,CUST0065,PROD026,10,35000,0,350000,0,350000,23500,235000,115000,Cash,Completed
ORD00651,5/8/2024,CUST0017,PROD014,4,249000,0.1,996000,99600,896400,141700,566800,329600,Bank Transfer,Completed
ORD02177,5/8/2024,CUST0062,PROD022,10,238700,0.1,2387000,238700,2148300,134700,1347000,801300,Card,Completed
ORD02160,5/8/2024,CUST0242,PROD042,6,9300,0.15,55800,8370,47430,5400,32400,15030,Mobile Money,Completed
ORD00038,5/9/2024,CUST0051,PROD038,1,109100,0,109100,0,109100,68900,68900,40200,Card,Completed
ORD00075,5/9/2024,CUST0118,PROD054,4,37100,0.1,148400,14840,133560,25500,102000,31560,Cash,Completed
ORD00178,5/9/2024,CUST0247,PROD029,4,183600,0.1,734400,73440,660960,105400,421600,239360,Card,Completed
ORD00535,5/10/2024,CUST0246,PROD049,3,4000,0.1,12000,1200,10800,2300,6900,3900,Card,Pending
ORD00677,5/10/2024,CUST0165,PROD052,1,392100,0.05,392100,19605,372495,307200,307200,65295,Mobile Money,Completed
ORD00702,5/10/2024,CUST0050,PROD005,3,444900,0.1,1334700,133470,1201230,322200,966600,234630,Mobile Money,Completed
ORD00378,5/11/2024,CUST0073,PROD047,8,22800,0.15,182400,27360,155040,14000,112000,43040,Cash,Completed
ORD01739,5/11/2024,CUST0149,PROD011,3,20000,0.1,60000,6000,54000,13400,40200,13800,Bank Transfer,Completed
ORD00868,5/11/2024,CUST0096,PROD047,9,22800,0.15,0,0,0,14000,0,0,Bank Transfer,Cancelled
ORD00381,5/11/2024,CUST0211,PROD002,3,344400,0,1033200,0,1033200,273600,820800,212400,Mobile Money,Completed
ORD01482,5/13/2024,CUST0253,PROD053,10,247900,0.05,2479000,123950,2355050,177100,1771000,584050,Card,Completed
ORD00029,5/13/2024,CUST0276,PROD033,9,36700,0.2,330300,66060,264240,21900,197100,67140,Bank Transfer,Completed
ORD02016,5/13/2024,CUST0285,PROD051,3,121500,0.1,364500,36450,328050,92700,278100,49950,Bank Transfer,Pending
ORD02156,5/14/2024,CUST0027,PROD042,6,9300,0.1,55800,5580,50220,5400,32400,17820,Bank Transfer,Completed
ORD02385,5/15/2024,CUST0088,PROD054,5,37100,0.15,185500,27825,157675,25500,127500,30175,Card,Completed
ORD00908,5/15/2024,CUST0211,PROD032,5,439700,0.2,2198500,439700,1758800,331400,1657000,101800,Card,Completed
ORD00336,5/15/2024,CUST0147,PROD004,9,560000,0.05,0,0,0,348100,0,0,Bank Transfer,Cancelled
ORD02201,5/16/2024,CUST0049,PROD019,7,197300,0.25,1381100,345275,1035825,120800,845600,190225,Card,Pending
ORD02048,5/16/2024,CUST0255,PROD009,4,9600,0.05,38400,1920,36480,6200,24800,11680,Card,Completed
ORD01656,5/16/2024,CUST0055,PROD018,10,29300,0.05,293000,14650,278350,21500,215000,63350,Card,Completed
ORD00448,5/16/2024,CUST0205,PROD048,10,414500,0.15,4145000,621750,3523250,303100,3031000,492250,Bank Transfer,Completed
ORD02268,5/16/2024,CUST0062,PROD023,9,121900,0.05,0,0,0,79500,0,0,Card,Cancelled
ORD01362,5/16/2024,CUST0075,PROD002,9,344400,0.1,3099600,309960,2789640,273600,2462400,327240,Card,Completed
ORD00454,5/17/2024,CUST0184,PROD055,9,175400,0.2,1578600,315720,1262880,104000,936000,326880,Bank Transfer,Completed
ORD01454,5/17/2024,CUST0024,PROD010,6,41400,0.1,248400,24840,223560,29700,178200,45360,Bank Transfer,Completed
ORD00231,5/17/2024,CUST0208,PROD001,1,536800,0.2,536800,107360,429440,344100,344100,85340,Card,Completed
ORD01621,5/18/2024,CUST0108,PROD053,7,247900,0.1,1735300,173530,1561770,177100,1239700,322070,Bank Transfer,Completed
ORD02330,5/18/2024,CUST0082,PROD048,7,414500,0.1,2901500,290150,2611350,303100,2121700,489650,Mobile Money,Completed
ORD02150,5/18/2024,CUST0299,PROD010,2,41400,0.05,82800,4140,78660,29700,59400,19260,Card,Completed
ORD01126,5/18/2024,CUST0278,PROD035,1,82200,0.15,82200,12330,69870,54600,54600,15270,Card,Completed
ORD01135,5/18/2024,CUST0154,PROD014,7,249000,0.1,1743000,174300,1568700,141700,991900,576800,Card,Completed
ORD01157,5/19/2024,CUST0006,PROD004,2,560000,0.05,1120000,56000,1064000,348100,696200,367800,Card,Completed
ORD01932,5/19/2024,CUST0216,PROD046,2,29300,0.15,58600,8790,49810,22200,44400,5410,Bank Transfer,Completed
ORD02179,5/19/2024,CUST0300,PROD046,3,29300,0.1,87900,8790,79110,22200,66600,12510,Bank Transfer,Completed
ORD01367,5/20/2024,CUST0015,PROD033,9,36700,0.25,330300,82575,247725,21900,197100,50625,Card,Completed
ORD02279,5/20/2024,CUST0204,PROD033,8,36700,0.15,293600,44040,249560,21900,175200,74360,Mobile Money,Completed
ORD01640,5/20/2024,CUST0045,PROD039,5,481400,0,2407000,0,2407000,392300,1961500,445500,Card,Completed
ORD01859,5/20/2024,CUST0262,PROD043,8,188900,0.15,1511200,226680,1284520,153600,1228800,55720,Bank Transfer,Completed
ORD01243,5/20/2024,CUST0092,PROD014,5,249000,0.15,1245000,186750,1058250,141700,708500,349750,Cash,Completed
ORD01952,5/20/2024,CUST0039,PROD022,5,238700,0.1,1193500,119350,1074150,134700,673500,400650,Bank Transfer,Completed
ORD00899,5/21/2024,CUST0102,PROD044,6,11500,0,69000,0,69000,6400,38400,30600,Card,Completed
ORD00766,5/21/2024,CUST0225,PROD009,10,9600,0,96000,0,96000,6200,62000,34000,Bank Transfer,Completed
ORD00528,5/21/2024,CUST0220,PROD057,1,20100,0.15,20100,3015,17085,11700,11700,5385,Card,Pending
ORD01532,5/22/2024,CUST0284,PROD025,9,72800,0,655200,0,655200,59600,536400,118800,Bank Transfer,Completed
ORD00012,5/22/2024,CUST0207,PROD032,10,439700,0,4397000,0,4397000,331400,3314000,1083000,Bank Transfer,Completed
ORD00742,5/22/2024,CUST0199,PROD049,7,4000,0.05,0,0,0,2300,0,0,Bank Transfer,Cancelled
ORD00575,5/23/2024,CUST0096,PROD023,10,121900,0.05,1219000,60950,1158050,79500,795000,363050,Cash,Completed
ORD02311,5/23/2024,CUST0010,PROD018,3,29300,0.15,87900,13185,74715,21500,64500,10215,Bank Transfer,Completed
ORD00430,5/25/2024,CUST0061,PROD057,9,20100,0.1,180900,18090,162810,11700,105300,57510,Mobile Money,Completed
ORD01170,5/26/2024,CUST0249,PROD008,9,284900,0,0,0,0,184900,0,0,Bank Transfer,Cancelled
ORD02260,5/26/2024,CUST0191,PROD005,5,444900,0.05,2224500,111225,2113275,322200,1611000,502275,Card,Completed
ORD01199,5/26/2024,CUST0080,PROD032,8,439700,0.15,3517600,527640,2989960,331400,2651200,338760,Mobile Money,Completed
ORD01747,5/26/2024,CUST0045,PROD037,10,107900,0.1,1079000,107900,971100,59400,594000,377100,Mobile Money,Completed
ORD00521,5/27/2024,CUST0164,PROD006,1,17200,0.05,17200,860,16340,12200,12200,4140,Mobile Money,Completed
ORD02008,5/27/2024,CUST0280,PROD050,8,79700,0,637600,0,637600,49400,395200,242400,Cash,Completed
ORD00211,5/27/2024,CUST0229,PROD006,9,17200,0.2,0,0,0,12200,0,0,Bank Transfer,Cancelled
ORD01049,5/27/2024,CUST0249,PROD058,6,228300,0.1,1369800,136980,1232820,139600,837600,395220,Card,Completed
ORD00287,5/28/2024,CUST0112,PROD059,6,534000,0.1,3204000,320400,2883600,343000,2058000,825600,Card,Completed
ORD00092,5/28/2024,CUST0148,PROD026,7,35000,0.15,245000,36750,208250,23500,164500,43750,Bank Transfer,Completed
ORD01429,5/28/2024,CUST0283,PROD027,10,25700,0.05,0,0,0,16400,0,0,Card,Cancelled
ORD00252,5/28/2024,CUST0250,PROD024,7,148600,0.05,1040200,52010,988190,96300,674100,314090,Card,Completed
ORD01910,5/30/2024,CUST0125,PROD022,10,238700,0.05,2387000,119350,2267650,134700,1347000,920650,Bank Transfer,Completed
ORD02085,5/30/2024,CUST0078,PROD043,5,188900,0.1,944500,94450,850050,153600,768000,82050,Card,Pending
ORD00952,6/1/2024,CUST0007,PROD053,2,247900,0.15,495800,74370,421430,177100,354200,67230,Mobile Money,Completed
ORD01833,6/1/2024,CUST0084,PROD002,9,344400,0.15,3099600,464940,2634660,273600,2462400,172260,Card,Pending
ORD02189,6/1/2024,CUST0297,PROD045,2,142000,0.15,284000,42600,241400,106400,212800,28600,Bank Transfer,Completed
ORD01999,6/2/2024,CUST0089,PROD023,6,121900,0,731400,0,731400,79500,477000,254400,Bank Transfer,Pending
ORD00778,6/2/2024,CUST0089,PROD044,10,11500,0.2,115000,23000,92000,6400,64000,28000,Mobile Money,Pending
ORD01734,6/2/2024,CUST0273,PROD049,1,4000,0.05,4000,200,3800,2300,2300,1500,Card,Pending
ORD01708,6/2/2024,CUST0187,PROD023,8,121900,0.05,975200,48760,926440,79500,636000,290440,Card,Pending
ORD01346,6/2/2024,CUST0287,PROD037,7,107900,0.2,755300,151060,604240,59400,415800,188440,Bank Transfer,Completed
ORD02033,6/2/2024,CUST0016,PROD042,9,9300,0.05,83700,4185,79515,5400,48600,30915,Card,Pending
ORD00593,6/2/2024,CUST0233,PROD047,8,22800,0.25,182400,45600,136800,14000,112000,24800,Mobile Money,Pending
ORD01627,6/2/2024,CUST0147,PROD044,2,11500,0.1,0,0,0,6400,0,0,Mobile Money,Cancelled
ORD00385,6/2/2024,CUST0283,PROD059,10,534000,0.1,5340000,534000,4806000,343000,3430000,1376000,Bank Transfer,Completed
ORD00120,6/3/2024,CUST0222,PROD025,8,72800,0.15,582400,87360,495040,59600,476800,18240,Bank Transfer,Completed
ORD01672,6/3/2024,CUST0003,PROD006,6,17200,0.1,0,0,0,12200,0,0,Card,Cancelled
ORD01078,6/3/2024,CUST0098,PROD011,4,20000,0.05,0,0,0,13400,0,0,Card,Cancelled
ORD01469,6/4/2024,CUST0047,PROD041,10,24800,0.05,248000,12400,235600,16200,162000,73600,Card,Completed
ORD02453,6/4/2024,CUST0199,PROD017,7,3200,0.1,0,0,0,2300,0,0,Bank Transfer,Cancelled
ORD01027,6/4/2024,CUST0268,PROD047,7,22800,0,159600,0,159600,14000,98000,61600,Card,Pending
ORD00706,6/4/2024,CUST0165,PROD030,9,409300,0.1,3683700,368370,3315330,331400,2982600,332730,Card,Pending
ORD00730,6/4/2024,CUST0016,PROD029,3,183600,0.25,550800,137700,413100,105400,316200,96900,Cash,Completed
ORD00094,6/4/2024,CUST0029,PROD005,7,444900,0.1,0,0,0,322200,0,0,Mobile Money,Cancelled
ORD01662,6/4/2024,CUST0154,PROD052,6,392100,0.05,2352600,117630,2234970,307200,1843200,391770,Card,Completed
ORD01355,6/5/2024,CUST0220,PROD043,3,188900,0.15,566700,85005,481695,153600,460800,20895,Mobile Money,Completed
ORD01514,6/5/2024,CUST0278,PROD039,10,481400,0.25,4814000,1203500,3610500,392300,3923000,-312500,Cash,Pending
ORD00025,6/6/2024,CUST0171,PROD056,8,58800,0.05,0,0,0,33300,0,0,Mobile Money,Cancelled
ORD01566,6/7/2024,CUST0285,PROD037,1,107900,0,107900,0,107900,59400,59400,48500,Mobile Money,Pending
ORD00409,6/7/2024,CUST0253,PROD049,4,4000,0.2,16000,3200,12800,2300,9200,3600,Card,Completed
ORD00258,6/8/2024,CUST0276,PROD059,10,534000,0.1,5340000,534000,4806000,343000,3430000,1376000,Card,Completed
ORD01501,6/8/2024,CUST0085,PROD023,10,121900,0.15,1219000,182850,1036150,79500,795000,241150,Mobile Money,Completed
ORD01321,6/8/2024,CUST0009,PROD044,7,11500,0,80500,0,80500,6400,44800,35700,Card,Completed
ORD02098,6/9/2024,CUST0143,PROD002,1,344400,0.1,0,0,0,273600,0,0,Card,Cancelled
ORD00436,6/9/2024,CUST0056,PROD014,8,249000,0.05,1992000,99600,1892400,141700,1133600,758800,Mobile Money,Completed
ORD00543,6/9/2024,CUST0264,PROD034,10,427500,0.15,4275000,641250,3633750,282400,2824000,809750,Card,Pending
ORD01602,6/9/2024,CUST0114,PROD048,7,414500,0.25,2901500,725375,2176125,303100,2121700,54425,Bank Transfer,Completed
ORD02464,6/9/2024,CUST0252,PROD011,6,20000,0.1,120000,12000,108000,13400,80400,27600,Bank Transfer,Pending
ORD00406,6/10/2024,CUST0116,PROD045,5,142000,0.1,710000,71000,639000,106400,532000,107000,Card,Pending
ORD01822,6/10/2024,CUST0236,PROD031,5,38500,0.1,192500,19250,173250,27800,139000,34250,Mobile Money,Completed
ORD00669,6/10/2024,CUST0293,PROD021,5,36000,0.1,0,0,0,21600,0,0,Card,Cancelled
ORD01276,6/10/2024,CUST0045,PROD050,9,79700,0,717300,0,717300,49400,444600,272700,Bank Transfer,Pending
ORD00877,6/10/2024,CUST0193,PROD040,2,273300,0.15,546600,81990,464610,185400,370800,93810,Mobile Money,Completed
ORD01422,6/10/2024,CUST0200,PROD035,9,82200,0.1,739800,73980,665820,54600,491400,174420,Bank Transfer,Completed
ORD01227,6/11/2024,CUST0050,PROD040,2,273300,0,546600,0,546600,185400,370800,175800,Card,Completed
ORD00495,6/11/2024,CUST0197,PROD023,1,121900,0,121900,0,121900,79500,79500,42400,Mobile Money,Completed
ORD01193,6/11/2024,CUST0177,PROD030,7,409300,0.1,2865100,286510,2578590,331400,2319800,258790,Card,Pending
ORD00630,6/12/2024,CUST0243,PROD049,9,4000,0.1,36000,3600,32400,2300,20700,11700,Bank Transfer,Pending
ORD00148,6/12/2024,CUST0192,PROD029,5,183600,0.2,918000,183600,734400,105400,527000,207400,Card,Completed
ORD02110,6/12/2024,CUST0101,PROD030,4,409300,0,1637200,0,1637200,331400,1325600,311600,Card,Pending
ORD01762,6/12/2024,CUST0271,PROD006,10,17200,0.1,172000,17200,154800,12200,122000,32800,Card,Completed
ORD00045,6/12/2024,CUST0166,PROD018,5,29300,0.15,146500,21975,124525,21500,107500,17025,Card,Completed
ORD01149,6/12/2024,CUST0155,PROD060,7,341700,0.2,2391900,478380,1913520,223100,1561700,351820,Card,Pending
ORD02049,6/12/2024,CUST0143,PROD031,5,38500,0.2,192500,38500,154000,27800,139000,15000,Bank Transfer,Completed
ORD00530,6/13/2024,CUST0284,PROD053,8,247900,0.05,1983200,99160,1884040,177100,1416800,467240,Card,Pending
ORD01143,6/13/2024,CUST0043,PROD043,5,188900,0.15,0,0,0,153600,0,0,Card,Cancelled
ORD01109,6/13/2024,CUST0294,PROD026,5,35000,0.05,175000,8750,166250,23500,117500,48750,Mobile Money,Pending
ORD01997,6/14/2024,CUST0013,PROD043,10,188900,0.15,0,0,0,153600,0,0,Card,Cancelled
ORD01417,6/14/2024,CUST0214,PROD011,7,20000,0.05,140000,7000,133000,13400,93800,39200,Bank Transfer,Completed
ORD02059,6/14/2024,CUST0237,PROD031,5,38500,0.2,192500,38500,154000,27800,139000,15000,Mobile Money,Completed
ORD01850,6/15/2024,CUST0012,PROD011,9,20000,0.25,180000,45000,135000,13400,120600,14400,Bank Transfer,Pending
ORD01890,6/16/2024,CUST0034,PROD052,7,392100,0.05,2744700,137235,2607465,307200,2150400,457065,Bank Transfer,Completed
ORD00936,6/16/2024,CUST0267,PROD015,7,24400,0.2,170800,34160,136640,17600,123200,13440,Mobile Money,Pending
ORD01796,6/17/2024,CUST0134,PROD058,8,228300,0.2,1826400,365280,1461120,139600,1116800,344320,Card,Completed
ORD00246,6/17/2024,CUST0255,PROD026,1,35000,0.05,35000,1750,33250,23500,23500,9750,Card,Pending
ORD01092,6/18/2024,CUST0179,PROD037,7,107900,0.15,755300,113295,642005,59400,415800,226205,Bank Transfer,Pending
ORD01666,6/18/2024,CUST0034,PROD010,1,41400,0.15,41400,6210,35190,29700,29700,5490,Card,Pending
ORD02079,6/18/2024,CUST0099,PROD041,9,24800,0.15,223200,33480,189720,16200,145800,43920,Cash,Completed
ORD01664,6/19/2024,CUST0079,PROD031,7,38500,0.2,269500,53900,215600,27800,194600,21000,Mobile Money,Completed
ORD02302,6/19/2024,CUST0188,PROD022,3,238700,0.05,716100,35805,680295,134700,404100,276195,Card,Completed
ORD01463,6/19/2024,CUST0050,PROD047,9,22800,0.2,205200,41040,164160,14000,126000,38160,Bank Transfer,Completed
ORD00274,6/20/2024,CUST0002,PROD005,8,444900,0.1,0,0,0,322200,0,0,Card,Cancelled
ORD01028,6/20/2024,CUST0222,PROD015,6,24400,0.1,0,0,0,17600,0,0,Bank Transfer,Cancelled
ORD00146,6/21/2024,CUST0056,PROD026,7,35000,0.15,245000,36750,208250,23500,164500,43750,Card,Completed
ORD00191,6/21/2024,CUST0167,PROD036,4,247600,0.1,0,0,0,191100,0,0,Card,Cancelled
ORD00788,6/21/2024,CUST0060,PROD012,8,9700,0.25,77600,19400,58200,7500,60000,-1800,Mobile Money,Completed
ORD00061,6/21/2024,CUST0193,PROD018,7,29300,0.1,205100,20510,184590,21500,150500,34090,Bank Transfer,Pending
ORD01676,6/21/2024,CUST0043,PROD023,7,121900,0.1,853300,85330,767970,79500,556500,211470,Mobile Money,Completed
ORD01421,6/21/2024,CUST0191,PROD043,10,188900,0.05,1889000,94450,1794550,153600,1536000,258550,Bank Transfer,Completed
ORD00953,6/22/2024,CUST0122,PROD039,8,481400,0.05,3851200,192560,3658640,392300,3138400,520240,Mobile Money,Completed
ORD00855,6/22/2024,CUST0212,PROD048,8,414500,0.05,0,0,0,303100,0,0,Mobile Money,Cancelled
ORD01479,6/23/2024,CUST0098,PROD054,10,37100,0.1,371000,37100,333900,25500,255000,78900,Mobile Money,Completed
ORD01381,6/23/2024,CUST0220,PROD045,10,142000,0.05,1420000,71000,1349000,106400,1064000,285000,Card,Pending
ORD02275,6/23/2024,CUST0039,PROD034,3,427500,0,1282500,0,1282500,282400,847200,435300,Mobile Money,Completed
ORD01870,6/23/2024,CUST0023,PROD037,6,107900,0.2,647400,129480,517920,59400,356400,161520,Bank Transfer,Pending
ORD02269,6/23/2024,CUST0100,PROD044,4,11500,0.1,46000,4600,41400,6400,25600,15800,Card,Completed
ORD00719,6/24/2024,CUST0163,PROD045,1,142000,0.2,142000,28400,113600,106400,106400,7200,Card,Completed
ORD02058,6/24/2024,CUST0221,PROD043,1,188900,0.2,188900,37780,151120,153600,153600,-2480,Card,Completed
ORD02196,6/25/2024,CUST0231,PROD042,3,9300,0.1,27900,2790,25110,5400,16200,8910,Mobile Money,Pending
ORD00561,6/25/2024,CUST0006,PROD034,5,427500,0.1,0,0,0,282400,0,0,Mobile Money,Cancelled
ORD01369,6/25/2024,CUST0035,PROD034,2,427500,0.05,0,0,0,282400,0,0,Bank Transfer,Cancelled
ORD02437,6/26/2024,CUST0218,PROD026,5,35000,0,175000,0,175000,23500,117500,57500,Card,Pending
ORD00619,6/26/2024,CUST0085,PROD050,1,79700,0.15,79700,11955,67745,49400,49400,18345,Cash,Completed
ORD01323,6/26/2024,CUST0267,PROD019,8,197300,0.05,1578400,78920,1499480,120800,966400,533080,Card,Pending
ORD00544,6/26/2024,CUST0071,PROD026,7,35000,0.1,245000,24500,220500,23500,164500,56000,Card,Pending
ORD00867,6/27/2024,CUST0212,PROD057,1,20100,0,20100,0,20100,11700,11700,8400,Card,Completed
ORD01921,6/27/2024,CUST0112,PROD025,8,72800,0.15,582400,87360,495040,59600,476800,18240,Card,Completed
ORD00002,6/28/2024,CUST0143,PROD047,8,22800,0,182400,0,182400,14000,112000,70400,Card,Completed
ORD01769,6/29/2024,CUST0174,PROD043,3,188900,0.05,0,0,0,153600,0,0,Bank Transfer,Cancelled
ORD01775,6/29/2024,CUST0273,PROD010,2,41400,0.05,82800,4140,78660,29700,59400,19260,Card,Completed
ORD00500,6/30/2024,CUST0020,PROD044,3,11500,0.05,34500,1725,32775,6400,19200,13575,Bank Transfer,Pending
ORD02491,6/30/2024,CUST0002,PROD032,2,439700,0.2,0,0,0,331400,0,0,Card,Cancelled
ORD00480,6/30/2024,CUST0166,PROD057,9,20100,0.05,0,0,0,11700,0,0,Bank Transfer,Cancelled
ORD01460,6/30/2024,CUST0070,PROD001,5,536800,0.05,2684000,134200,2549800,344100,1720500,829300,Bank Transfer,Completed
ORD00267,7/1/2024,CUST0111,PROD011,5,20000,0.1,0,0,0,13400,0,0,Mobile Money,Cancelled
ORD01872,7/1/2024,CUST0293,PROD030,3,409300,0.1,1227900,122790,1105110,331400,994200,110910,Bank Transfer,Pending
ORD00924,7/1/2024,CUST0154,PROD026,2,35000,0.1,70000,7000,63000,23500,47000,16000,Mobile Money,Pending
ORD01310,7/1/2024,CUST0093,PROD009,9,9600,0.15,86400,12960,73440,6200,55800,17640,Card,Pending
ORD00426,7/1/2024,CUST0138,PROD029,3,183600,0.1,550800,55080,495720,105400,316200,179520,Bank Transfer,Pending
ORD00127,7/1/2024,CUST0298,PROD038,6,109100,0.15,0,0,0,68900,0,0,Card,Cancelled
ORD00428,7/1/2024,CUST0200,PROD018,7,29300,0.15,205100,30765,174335,21500,150500,23835,Bank Transfer,Completed
ORD00155,7/1/2024,CUST0049,PROD037,2,107900,0,215800,0,215800,59400,118800,97000,Card,Completed
ORD01164,7/2/2024,CUST0118,PROD035,7,82200,0.1,575400,57540,517860,54600,382200,135660,Card,Pending
ORD01285,7/2/2024,CUST0030,PROD038,7,109100,0.2,763700,152740,610960,68900,482300,128660,Card,Completed
ORD02152,7/3/2024,CUST0216,PROD042,10,9300,0.1,93000,9300,83700,5400,54000,29700,Card,Completed
ORD01805,7/3/2024,CUST0026,PROD057,2,20100,0.25,40200,10050,30150,11700,23400,6750,Mobile Money,Completed
ORD02344,7/3/2024,CUST0088,PROD028,5,159200,0.1,0,0,0,112500,0,0,Mobile Money,Cancelled
ORD00338,7/4/2024,CUST0028,PROD052,8,392100,0.15,3136800,470520,2666280,307200,2457600,208680,Mobile Money,Completed
ORD01650,7/5/2024,CUST0055,PROD034,4,427500,0.1,0,0,0,282400,0,0,Card,Cancelled
ORD02132,7/5/2024,CUST0174,PROD001,9,536800,0.15,0,0,0,344100,0,0,Card,Cancelled
ORD00390,7/6/2024,CUST0181,PROD012,5,9700,0.2,48500,9700,38800,7500,37500,1300,Cash,Completed
ORD01023,7/6/2024,CUST0278,PROD037,4,107900,0.05,431600,21580,410020,59400,237600,172420,Card,Completed
ORD00483,7/6/2024,CUST0163,PROD026,5,35000,0.05,175000,8750,166250,23500,117500,48750,Bank Transfer,Completed
ORD02137,7/6/2024,CUST0294,PROD043,2,188900,0.1,377800,37780,340020,153600,307200,32820,Card,Completed
ORD01264,7/6/2024,CUST0153,PROD026,3,35000,0.1,0,0,0,23500,0,0,Bank Transfer,Cancelled
ORD00410,7/6/2024,CUST0143,PROD033,7,36700,0.05,256900,12845,244055,21900,153300,90755,Card,Pending
ORD01280,7/6/2024,CUST0070,PROD018,6,29300,0.15,175800,26370,149430,21500,129000,20430,Card,Pending
ORD01466,7/6/2024,CUST0264,PROD010,1,41400,0.1,41400,4140,37260,29700,29700,7560,Mobile Money,Completed
ORD01245,7/6/2024,CUST0025,PROD028,9,159200,0.1,0,0,0,112500,0,0,Bank Transfer,Cancelled
ORD01761,7/7/2024,CUST0155,PROD047,7,22800,0.25,0,0,0,14000,0,0,Mobile Money,Cancelled
ORD00250,7/8/2024,CUST0254,PROD010,2,41400,0.1,82800,8280,74520,29700,59400,15120,Mobile Money,Completed
ORD00907,7/8/2024,CUST0043,PROD059,1,534000,0.25,534000,133500,400500,343000,343000,57500,Card,Completed
ORD00708,7/8/2024,CUST0300,PROD005,6,444900,0.15,2669400,400410,2268990,322200,1933200,335790,Card,Completed
ORD00095,7/8/2024,CUST0296,PROD015,4,24400,0.15,97600,14640,82960,17600,70400,12560,Card,Completed
ORD01836,7/9/2024,CUST0046,PROD013,4,37000,0.05,148000,7400,140600,27000,108000,32600,Mobile Money,Completed
ORD00738,7/9/2024,CUST0225,PROD041,3,24800,0.1,74400,7440,66960,16200,48600,18360,Card,Completed
ORD00743,7/9/2024,CUST0106,PROD032,2,439700,0.1,0,0,0,331400,0,0,Bank Transfer,Cancelled
ORD01873,7/10/2024,CUST0009,PROD007,3,25700,0.1,77100,7710,69390,16900,50700,18690,Mobile Money,Completed
ORD00172,7/10/2024,CUST0266,PROD009,1,9600,0.1,9600,960,8640,6200,6200,2440,Bank Transfer,Completed
ORD02299,7/11/2024,CUST0252,PROD028,4,159200,0,636800,0,636800,112500,450000,186800,Card,Completed
ORD01047,7/11/2024,CUST0254,PROD040,3,273300,0.1,819900,81990,737910,185400,556200,181710,Bank Transfer,Completed
ORD01892,7/11/2024,CUST0010,PROD018,5,29300,0.15,146500,21975,124525,21500,107500,17025,Card,Pending
ORD01716,7/11/2024,CUST0089,PROD038,10,109100,0.15,1091000,163650,927350,68900,689000,238350,Card,Completed
ORD01252,7/12/2024,CUST0142,PROD008,6,284900,0.1,0,0,0,184900,0,0,Card,Cancelled
ORD02339,7/12/2024,CUST0150,PROD001,8,536800,0.1,0,0,0,344100,0,0,Card,Cancelled
ORD00876,7/12/2024,CUST0046,PROD024,5,148600,0.1,743000,74300,668700,96300,481500,187200,Card,Completed
ORD01219,7/12/2024,CUST0077,PROD024,2,148600,0.2,0,0,0,96300,0,0,Mobile Money,Cancelled
ORD01842,7/12/2024,CUST0272,PROD019,6,197300,0.05,1183800,59190,1124610,120800,724800,399810,Card,Completed
ORD02447,7/13/2024,CUST0237,PROD014,3,249000,0.2,747000,149400,597600,141700,425100,172500,Card,Pending
ORD01026,7/13/2024,CUST0108,PROD034,5,427500,0,2137500,0,2137500,282400,1412000,725500,Bank Transfer,Completed
ORD02273,7/13/2024,CUST0251,PROD006,2,17200,0.2,34400,6880,27520,12200,24400,3120,Bank Transfer,Completed
ORD01512,7/13/2024,CUST0100,PROD029,4,183600,0.05,0,0,0,105400,0,0,Bank Transfer,Cancelled
ORD01044,7/14/2024,CUST0019,PROD032,7,439700,0.15,0,0,0,331400,0,0,Cash,Cancelled
ORD02178,7/14/2024,CUST0019,PROD034,5,427500,0.25,0,0,0,282400,0,0,Bank Transfer,Cancelled
ORD00006,7/14/2024,CUST0187,PROD005,1,444900,0.1,0,0,0,322200,0,0,Bank Transfer,Cancelled
ORD00679,7/14/2024,CUST0285,PROD025,1,72800,0,72800,0,72800,59600,59600,13200,Card,Completed
ORD00513,7/14/2024,CUST0100,PROD010,3,41400,0.2,124200,24840,99360,29700,89100,10260,Cash,Completed
ORD01946,7/15/2024,CUST0266,PROD002,8,344400,0.1,2755200,275520,2479680,273600,2188800,290880,Card,Completed
ORD01370,7/16/2024,CUST0183,PROD044,3,11500,0.25,34500,8625,25875,6400,19200,6675,Bank Transfer,Completed
ORD00438,7/16/2024,CUST0197,PROD051,6,121500,0.1,729000,72900,656100,92700,556200,99900,Bank Transfer,Completed
ORD00565,7/16/2024,CUST0271,PROD051,5,121500,0,607500,0,607500,92700,463500,144000,Bank Transfer,Completed
ORD01846,7/16/2024,CUST0134,PROD013,6,37000,0.05,222000,11100,210900,27000,162000,48900,Card,Completed
ORD01731,7/17/2024,CUST0229,PROD027,8,25700,0.25,205600,51400,154200,16400,131200,23000,Bank Transfer,Pending
ORD01540,7/17/2024,CUST0056,PROD050,7,79700,0.1,0,0,0,49400,0,0,Bank Transfer,Cancelled
ORD02324,7/17/2024,CUST0038,PROD010,1,41400,0.1,41400,4140,37260,29700,29700,7560,Bank Transfer,Pending
ORD00524,7/17/2024,CUST0239,PROD003,6,6900,0.15,41400,6210,35190,5200,31200,3990,Card,Pending
ORD00199,7/18/2024,CUST0208,PROD053,9,247900,0.1,2231100,223110,2007990,177100,1593900,414090,Card,Completed
ORD00189,7/18/2024,CUST0106,PROD007,9,25700,0.15,231300,34695,196605,16900,152100,44505,Mobile Money,Completed
ORD00733,7/19/2024,CUST0088,PROD054,2,37100,0.1,74200,7420,66780,25500,51000,15780,Bank Transfer,Completed
ORD01098,7/19/2024,CUST0042,PROD044,9,11500,0.1,103500,10350,93150,6400,57600,35550,Cash,Pending
ORD00839,7/19/2024,CUST0098,PROD025,10,72800,0,728000,0,728000,59600,596000,132000,Bank Transfer,Completed
ORD01247,7/19/2024,CUST0297,PROD008,3,284900,0,0,0,0,184900,0,0,Mobile Money,Cancelled
ORD02386,7/19/2024,CUST0017,PROD058,4,228300,0.15,913200,136980,776220,139600,558400,217820,Bank Transfer,Completed
ORD00976,7/20/2024,CUST0181,PROD025,5,72800,0.15,364000,54600,309400,59600,298000,11400,Card,Completed
ORD01051,7/20/2024,CUST0229,PROD024,8,148600,0.05,0,0,0,96300,0,0,Cash,Cancelled
ORD01973,7/20/2024,CUST0232,PROD012,7,9700,0.05,67900,3395,64505,7500,52500,12005,Card,Completed
ORD00388,7/20/2024,CUST0163,PROD016,9,6400,0.15,57600,8640,48960,4000,36000,12960,Bank Transfer,Completed
ORD01819,7/20/2024,CUST0078,PROD031,8,38500,0.15,308000,46200,261800,27800,222400,39400,Card,Completed
ORD02095,7/21/2024,CUST0256,PROD056,3,58800,0.1,176400,17640,158760,33300,99900,58860,Card,Completed
ORD00809,7/21/2024,CUST0036,PROD039,9,481400,0.1,0,0,0,392300,0,0,Bank Transfer,Cancelled
ORD00520,7/21/2024,CUST0288,PROD007,10,25700,0.05,257000,12850,244150,16900,169000,75150,Cash,Completed
ORD00297,7/21/2024,CUST0182,PROD015,7,24400,0.1,170800,17080,153720,17600,123200,30520,Card,Completed
ORD01988,7/22/2024,CUST0030,PROD034,8,427500,0.05,0,0,0,282400,0,0,Bank Transfer,Cancelled
ORD02463,7/22/2024,CUST0089,PROD040,6,273300,0.05,1639800,81990,1557810,185400,1112400,445410,Card,Completed
ORD01065,7/22/2024,CUST0172,PROD060,8,341700,0.1,2733600,273360,2460240,223100,1784800,675440,Card,Completed
ORD01218,7/22/2024,CUST0158,PROD054,7,37100,0.15,259700,38955,220745,25500,178500,42245,Card,Pending
ORD01331,7/23/2024,CUST0073,PROD004,4,560000,0.2,2240000,448000,1792000,348100,1392400,399600,Card,Completed
ORD01518,7/23/2024,CUST0097,PROD055,4,175400,0.15,701600,105240,596360,104000,416000,180360,Card,Completed
ORD02153,7/23/2024,CUST0177,PROD014,7,249000,0.1,0,0,0,141700,0,0,Cash,Cancelled
ORD00503,7/23/2024,CUST0242,PROD047,2,22800,0.05,0,0,0,14000,0,0,Bank Transfer,Cancelled
ORD02282,7/23/2024,CUST0285,PROD006,8,17200,0.1,137600,13760,123840,12200,97600,26240,Cash,Pending
ORD01916,7/24/2024,CUST0139,PROD021,6,36000,0.1,0,0,0,21600,0,0,Card,Cancelled
ORD02255,7/24/2024,CUST0087,PROD060,8,341700,0.1,2733600,273360,2460240,223100,1784800,675440,Mobile Money,Completed
ORD00040,7/24/2024,CUST0268,PROD002,9,344400,0.05,3099600,154980,2944620,273600,2462400,482220,Bank Transfer,Pending
ORD02360,7/24/2024,CUST0196,PROD059,8,534000,0.05,4272000,213600,4058400,343000,2744000,1314400,Bank Transfer,Completed
ORD01804,7/24/2024,CUST0161,PROD028,10,159200,0,1592000,0,1592000,112500,1125000,467000,Card,Completed
ORD02159,7/25/2024,CUST0114,PROD032,1,439700,0.1,439700,43970,395730,331400,331400,64330,Card,Completed
ORD02432,7/25/2024,CUST0128,PROD018,1,29300,0.15,29300,4395,24905,21500,21500,3405,Mobile Money,Completed
ORD02458,7/25/2024,CUST0238,PROD029,9,183600,0.05,1652400,82620,1569780,105400,948600,621180,Card,Completed
ORD00754,7/25/2024,CUST0182,PROD029,5,183600,0.15,918000,137700,780300,105400,527000,253300,Card,Pending
ORD02306,7/25/2024,CUST0076,PROD040,5,273300,0.15,1366500,204975,1161525,185400,927000,234525,Card,Completed
ORD01993,7/26/2024,CUST0186,PROD006,9,17200,0.1,0,0,0,12200,0,0,Bank Transfer,Cancelled
ORD01350,7/27/2024,CUST0209,PROD048,5,414500,0,2072500,0,2072500,303100,1515500,557000,Card,Completed
ORD00366,7/27/2024,CUST0208,PROD037,3,107900,0.2,323700,64740,258960,59400,178200,80760,Cash,Completed
ORD00979,7/28/2024,CUST0244,PROD010,8,41400,0.1,331200,33120,298080,29700,237600,60480,Cash,Pending
ORD01410,7/28/2024,CUST0054,PROD060,9,341700,0.05,3075300,153765,2921535,223100,2007900,913635,Cash,Completed
ORD00755,7/28/2024,CUST0144,PROD003,1,6900,0.15,6900,1035,5865,5200,5200,665,Bank Transfer,Completed
ORD00638,7/28/2024,CUST0188,PROD042,3,9300,0.15,27900,4185,23715,5400,16200,7515,Bank Transfer,Completed
ORD01922,7/28/2024,CUST0008,PROD026,3,35000,0,105000,0,105000,23500,70500,34500,Card,Completed
ORD01589,7/28/2024,CUST0031,PROD022,9,238700,0.2,0,0,0,134700,0,0,Mobile Money,Cancelled
ORD00692,7/29/2024,CUST0022,PROD055,10,175400,0.2,1754000,350800,1403200,104000,1040000,363200,Mobile Money,Completed
ORD00219,7/29/2024,CUST0281,PROD012,10,9700,0.1,97000,9700,87300,7500,75000,12300,Bank Transfer,Completed
ORD00413,7/29/2024,CUST0277,PROD018,6,29300,0.1,175800,17580,158220,21500,129000,29220,Cash,Completed
ORD02397,7/29/2024,CUST0259,PROD030,6,409300,0.2,2455800,491160,1964640,331400,1988400,-23760,Card,Completed
ORD00375,7/29/2024,CUST0067,PROD058,9,228300,0.1,2054700,205470,1849230,139600,1256400,592830,Cash,Completed
ORD02080,7/30/2024,CUST0197,PROD024,6,148600,0.1,891600,89160,802440,96300,577800,224640,Mobile Money,Completed
ORD01788,7/30/2024,CUST0129,PROD007,9,25700,0.2,231300,46260,185040,16900,152100,32940,Bank Transfer,Completed
ORD02200,7/31/2024,CUST0213,PROD006,6,17200,0.2,103200,20640,82560,12200,73200,9360,Card,Completed
ORD00143,7/31/2024,CUST0072,PROD009,8,9600,0.25,76800,19200,57600,6200,49600,8000,Card,Completed
ORD00599,7/31/2024,CUST0069,PROD012,3,9700,0.15,29100,4365,24735,7500,22500,2235,Card,Completed
ORD01003,7/31/2024,CUST0292,PROD017,3,3200,0.1,9600,960,8640,2300,6900,1740,Cash,Completed
ORD00140,7/31/2024,CUST0293,PROD057,7,20100,0.15,140700,21105,119595,11700,81900,37695,Bank Transfer,Completed
ORD00306,7/31/2024,CUST0140,PROD036,3,247600,0.2,742800,148560,594240,191100,573300,20940,Card,Completed
ORD01814,7/31/2024,CUST0049,PROD033,7,36700,0.15,256900,38535,218365,21900,153300,65065,Card,Completed
ORD00883,8/1/2024,CUST0029,PROD020,8,27300,0.15,218400,32760,185640,18400,147200,38440,Card,Completed
ORD01141,8/1/2024,CUST0190,PROD021,9,36000,0.2,324000,64800,259200,21600,194400,64800,Card,Completed
ORD02154,8/1/2024,CUST0080,PROD012,8,9700,0.25,77600,19400,58200,7500,60000,-1800,Bank Transfer,Completed
ORD00596,8/1/2024,CUST0083,PROD007,3,25700,0.2,77100,15420,61680,16900,50700,10980,Mobile Money,Completed
ORD01508,8/1/2024,CUST0201,PROD011,10,20000,0.1,200000,20000,180000,13400,134000,46000,Bank Transfer,Completed
ORD01959,8/2/2024,CUST0074,PROD026,2,35000,0.2,70000,14000,56000,23500,47000,9000,Card,Pending
ORD01291,8/2/2024,CUST0004,PROD047,2,22800,0.1,0,0,0,14000,0,0,Bank Transfer,Cancelled
ORD01957,8/2/2024,CUST0298,PROD033,7,36700,0.15,256900,38535,218365,21900,153300,65065,Card,Completed
ORD01180,8/3/2024,CUST0193,PROD003,3,6900,0.05,20700,1035,19665,5200,15600,4065,Cash,Completed
ORD01561,8/3/2024,CUST0296,PROD013,10,37000,0.25,370000,92500,277500,27000,270000,7500,Card,Completed
ORD00026,8/3/2024,CUST0074,PROD029,10,183600,0.15,1836000,275400,1560600,105400,1054000,506600,Bank Transfer,Completed
ORD02479,8/4/2024,CUST0079,PROD025,7,72800,0.15,509600,76440,433160,59600,417200,15960,Card,Completed
ORD00247,8/4/2024,CUST0190,PROD013,1,37000,0.1,0,0,0,27000,0,0,Card,Cancelled
ORD01378,8/5/2024,CUST0179,PROD006,2,17200,0.15,0,0,0,12200,0,0,Cash,Cancelled
ORD01522,8/5/2024,CUST0216,PROD026,2,35000,0.2,70000,14000,56000,23500,47000,9000,Mobile Money,Completed
ORD01970,8/5/2024,CUST0232,PROD035,8,82200,0.05,657600,32880,624720,54600,436800,187920,Cash,Pending
ORD00707,8/5/2024,CUST0278,PROD004,1,560000,0.1,560000,56000,504000,348100,348100,155900,Bank Transfer,Completed
ORD02002,8/6/2024,CUST0229,PROD057,6,20100,0.1,120600,12060,108540,11700,70200,38340,Card,Completed
ORD00759,8/6/2024,CUST0166,PROD048,2,414500,0.1,0,0,0,303100,0,0,Card,Cancelled
ORD00496,8/7/2024,CUST0058,PROD009,9,9600,0.05,86400,4320,82080,6200,55800,26280,Bank Transfer,Completed
ORD02405,8/7/2024,CUST0155,PROD042,6,9300,0.15,0,0,0,5400,0,0,Mobile Money,Cancelled
ORD00650,8/7/2024,CUST0043,PROD006,5,17200,0.2,0,0,0,12200,0,0,Bank Transfer,Cancelled
ORD00235,8/7/2024,CUST0072,PROD030,7,409300,0.15,2865100,429765,2435335,331400,2319800,115535,Mobile Money,Completed
ORD00494,8/7/2024,CUST0006,PROD055,9,175400,0,1578600,0,1578600,104000,936000,642600,Cash,Completed
ORD00397,8/8/2024,CUST0087,PROD005,8,444900,0.15,3559200,533880,3025320,322200,2577600,447720,Mobile Money,Completed
ORD00107,8/8/2024,CUST0088,PROD016,2,6400,0.2,12800,2560,10240,4000,8000,2240,Card,Completed
ORD01744,8/8/2024,CUST0042,PROD047,10,22800,0.15,0,0,0,14000,0,0,Cash,Cancelled
ORD02355,8/8/2024,CUST0146,PROD011,1,20000,0.15,20000,3000,17000,13400,13400,3600,Card,Completed
ORD00281,8/9/2024,CUST0238,PROD039,6,481400,0.1,2888400,288840,2599560,392300,2353800,245760,Mobile Money,Completed
ORD02449,8/9/2024,CUST0070,PROD026,2,35000,0.1,0,0,0,23500,0,0,Card,Cancelled
ORD00811,8/9/2024,CUST0022,PROD046,9,29300,0.05,263700,13185,250515,22200,199800,50715,Mobile Money,Completed
ORD00237,8/10/2024,CUST0006,PROD047,2,22800,0.05,0,0,0,14000,0,0,Bank Transfer,Cancelled
ORD01593,8/10/2024,CUST0122,PROD027,7,25700,0.15,179900,26985,152915,16400,114800,38115,Card,Completed
ORD01007,8/10/2024,CUST0283,PROD024,9,148600,0.05,1337400,66870,1270530,96300,866700,403830,Bank Transfer,Completed
ORD00347,8/11/2024,CUST0299,PROD021,8,36000,0.15,288000,43200,244800,21600,172800,72000,Bank Transfer,Completed
ORD01503,8/12/2024,CUST0069,PROD052,3,392100,0.05,0,0,0,307200,0,0,Bank Transfer,Cancelled
ORD00701,8/13/2024,CUST0288,PROD012,6,9700,0.2,58200,11640,46560,7500,45000,1560,Mobile Money,Completed
ORD01516,8/13/2024,CUST0157,PROD007,9,25700,0.25,231300,57825,173475,16900,152100,21375,Card,Completed
ORD00262,8/13/2024,CUST0219,PROD015,10,24400,0,244000,0,244000,17600,176000,68000,Card,Pending
ORD01438,8/14/2024,CUST0178,PROD047,5,22800,0.15,0,0,0,14000,0,0,Bank Transfer,Cancelled
ORD01406,8/14/2024,CUST0078,PROD020,7,27300,0.15,191100,28665,162435,18400,128800,33635,Mobile Money,Pending
ORD00683,8/14/2024,CUST0224,PROD058,5,228300,0.1,1141500,114150,1027350,139600,698000,329350,Card,Completed
ORD00163,8/14/2024,CUST0223,PROD038,6,109100,0.15,654600,98190,556410,68900,413400,143010,Bank Transfer,Completed
ORD00384,8/14/2024,CUST0195,PROD019,7,197300,0.05,1381100,69055,1312045,120800,845600,466445,Card,Completed
ORD00614,8/14/2024,CUST0048,PROD043,10,188900,0.05,0,0,0,153600,0,0,Card,Cancelled
ORD00745,8/14/2024,CUST0260,PROD002,5,344400,0.1,1722000,172200,1549800,273600,1368000,181800,Card,Completed
ORD00506,8/15/2024,CUST0249,PROD018,8,29300,0.25,0,0,0,21500,0,0,Card,Cancelled
ORD00215,8/15/2024,CUST0095,PROD058,3,228300,0.15,684900,102735,582165,139600,418800,163365,Card,Completed
ORD01497,8/15/2024,CUST0113,PROD052,6,392100,0.05,2352600,117630,2234970,307200,1843200,391770,Card,Pending
ORD01176,8/15/2024,CUST0014,PROD034,6,427500,0.25,2565000,641250,1923750,282400,1694400,229350,Bank Transfer,Pending
ORD00334,8/16/2024,CUST0273,PROD036,7,247600,0.15,1733200,259980,1473220,191100,1337700,135520,Bank Transfer,Completed
ORD02005,8/17/2024,CUST0251,PROD006,5,17200,0,0,0,0,12200,0,0,Card,Cancelled
ORD01467,8/17/2024,CUST0079,PROD009,1,9600,0,9600,0,9600,6200,6200,3400,Card,Completed
ORD02487,8/17/2024,CUST0016,PROD041,9,24800,0.2,223200,44640,178560,16200,145800,32760,Bank Transfer,Completed
ORD00353,8/18/2024,CUST0105,PROD029,1,183600,0.15,0,0,0,105400,0,0,Cash,Cancelled
ORD00111,8/18/2024,CUST0212,PROD002,8,344400,0.05,2755200,137760,2617440,273600,2188800,428640,Mobile Money,Completed
ORD01296,8/18/2024,CUST0137,PROD048,4,414500,0.2,1658000,331600,1326400,303100,1212400,114000,Card,Pending
ORD00862,8/19/2024,CUST0219,PROD005,5,444900,0,0,0,0,322200,0,0,Bank Transfer,Cancelled
ORD02334,8/19/2024,CUST0167,PROD010,6,41400,0.25,0,0,0,29700,0,0,Bank Transfer,Cancelled
ORD00213,8/19/2024,CUST0188,PROD002,8,344400,0.1,2755200,275520,2479680,273600,2188800,290880,Card,Pending
ORD00185,8/19/2024,CUST0278,PROD023,5,121900,0.05,0,0,0,79500,0,0,Card,Cancelled
ORD00918,8/20/2024,CUST0211,PROD024,6,148600,0.05,891600,44580,847020,96300,577800,269220,Mobile Money,Completed
ORD01299,8/20/2024,CUST0272,PROD040,8,273300,0.1,2186400,218640,1967760,185400,1483200,484560,Card,Completed
ORD01535,8/20/2024,CUST0228,PROD017,9,3200,0.2,28800,5760,23040,2300,20700,2340,Card,Completed
ORD00285,8/20/2024,CUST0094,PROD023,10,121900,0.2,1219000,243800,975200,79500,795000,180200,Bank Transfer,Completed
ORD01082,8/21/2024,CUST0134,PROD039,10,481400,0.15,4814000,722100,4091900,392300,3923000,168900,Cash,Completed
ORD00361,8/21/2024,CUST0184,PROD051,9,121500,0.25,1093500,273375,820125,92700,834300,-14175,Card,Completed
ORD02252,8/21/2024,CUST0109,PROD042,6,9300,0.1,55800,5580,50220,5400,32400,17820,Cash,Completed
ORD01437,8/22/2024,CUST0298,PROD033,1,36700,0.05,36700,1835,34865,21900,21900,12965,Card,Completed
ORD02372,8/22/2024,CUST0003,PROD006,8,17200,0.05,137600,6880,130720,12200,97600,33120,Card,Completed
ORD02244,8/22/2024,CUST0227,PROD019,3,197300,0.2,591900,118380,473520,120800,362400,111120,Card,Completed
ORD01600,8/22/2024,CUST0057,PROD046,8,29300,0.2,0,0,0,22200,0,0,Card,Cancelled
ORD00301,8/22/2024,CUST0098,PROD032,9,439700,0.15,3957300,593595,3363705,331400,2982600,381105,Cash,Completed
ORD01000,8/22/2024,CUST0291,PROD043,1,188900,0.1,188900,18890,170010,153600,153600,16410,Cash,Completed
ORD01384,8/22/2024,CUST0042,PROD027,7,25700,0.05,179900,8995,170905,16400,114800,56105,Bank Transfer,Completed
ORD01407,8/23/2024,CUST0090,PROD050,3,79700,0.25,239100,59775,179325,49400,148200,31125,Mobile Money,Completed
ORD00296,8/23/2024,CUST0137,PROD048,6,414500,0.15,2487000,373050,2113950,303100,1818600,295350,Card,Completed
ORD02425,8/24/2024,CUST0297,PROD059,9,534000,0.15,4806000,720900,4085100,343000,3087000,998100,Card,Pending
ORD02054,8/24/2024,CUST0011,PROD002,4,344400,0.1,0,0,0,273600,0,0,Mobile Money,Cancelled
ORD00293,8/25/2024,CUST0202,PROD026,2,35000,0.1,70000,7000,63000,23500,47000,16000,Card,Completed
ORD00636,8/25/2024,CUST0298,PROD050,1,79700,0.2,79700,15940,63760,49400,49400,14360,Cash,Completed
ORD00049,8/25/2024,CUST0189,PROD035,8,82200,0.1,0,0,0,54600,0,0,Card,Cancelled
ORD02219,8/26/2024,CUST0108,PROD033,4,36700,0.05,146800,7340,139460,21900,87600,51860,Cash,Completed
ORD00019,8/26/2024,CUST0138,PROD054,2,37100,0,74200,0,74200,25500,51000,23200,Bank Transfer,Completed
ORD02446,8/26/2024,CUST0075,PROD006,8,17200,0.15,0,0,0,12200,0,0,Card,Cancelled
ORD02281,8/26/2024,CUST0216,PROD060,10,341700,0.05,3417000,170850,3246150,223100,2231000,1015150,Card,Completed
ORD01898,8/27/2024,CUST0004,PROD055,3,175400,0.15,526200,78930,447270,104000,312000,135270,Bank Transfer,Completed
ORD00945,8/27/2024,CUST0089,PROD017,1,3200,0.15,3200,480,2720,2300,2300,420,Card,Pending
ORD01345,8/28/2024,CUST0089,PROD003,10,6900,0.15,0,0,0,5200,0,0,Bank Transfer,Cancelled
ORD00141,8/29/2024,CUST0126,PROD029,3,183600,0.05,0,0,0,105400,0,0,Card,Cancelled
ORD00184,8/29/2024,CUST0265,PROD008,9,284900,0.05,2564100,128205,2435895,184900,1664100,771795,Card,Pending
ORD01569,8/29/2024,CUST0298,PROD043,6,188900,0.2,0,0,0,153600,0,0,Mobile Money,Cancelled
ORD02170,8/29/2024,CUST0156,PROD030,9,409300,0,3683700,0,3683700,331400,2982600,701100,Card,Completed
ORD00587,8/30/2024,CUST0087,PROD041,10,24800,0.25,248000,62000,186000,16200,162000,24000,Card,Completed
ORD00016,8/31/2024,CUST0208,PROD019,2,197300,0.05,394600,19730,374870,120800,241600,133270,Mobile Money,Completed
ORD01086,9/1/2024,CUST0055,PROD019,6,197300,0.15,1183800,177570,1006230,120800,724800,281430,Cash,Pending
ORD02285,9/1/2024,CUST0014,PROD034,4,427500,0.15,1710000,256500,1453500,282400,1129600,323900,Bank Transfer,Completed
ORD01864,9/1/2024,CUST0135,PROD019,7,197300,0.1,1381100,138110,1242990,120800,845600,397390,Card,Completed
ORD01636,9/1/2024,CUST0239,PROD048,6,414500,0.15,2487000,373050,2113950,303100,1818600,295350,Card,Pending
ORD00132,9/2/2024,CUST0290,PROD021,3,36000,0.2,108000,21600,86400,21600,64800,21600,Bank Transfer,Completed
ORD01158,9/2/2024,CUST0280,PROD028,1,159200,0.1,159200,15920,143280,112500,112500,30780,Card,Pending
ORD02257,9/3/2024,CUST0275,PROD015,2,24400,0.1,0,0,0,17600,0,0,Bank Transfer,Cancelled
ORD01638,9/3/2024,CUST0198,PROD032,1,439700,0.1,439700,43970,395730,331400,331400,64330,Cash,Completed
ORD02230,9/3/2024,CUST0182,PROD056,2,58800,0,117600,0,117600,33300,66600,51000,Bank Transfer,Completed
ORD01680,9/3/2024,CUST0270,PROD029,4,183600,0.15,734400,110160,624240,105400,421600,202640,Mobile Money,Completed
ORD00674,9/3/2024,CUST0106,PROD059,10,534000,0.05,0,0,0,343000,0,0,Cash,Cancelled
ORD02039,9/4/2024,CUST0005,PROD052,5,392100,0.05,1960500,98025,1862475,307200,1536000,326475,Bank Transfer,Completed
ORD01574,9/4/2024,CUST0020,PROD043,4,188900,0.15,755600,113340,642260,153600,614400,27860,Mobile Money,Completed
ORD02075,9/4/2024,CUST0012,PROD015,4,24400,0.05,97600,4880,92720,17600,70400,22320,Bank Transfer,Completed
ORD01770,9/4/2024,CUST0092,PROD039,3,481400,0.2,1444200,288840,1155360,392300,1176900,-21540,Card,Completed
ORD00729,9/4/2024,CUST0144,PROD046,1,29300,0.2,29300,5860,23440,22200,22200,1240,Mobile Money,Completed
ORD00510,9/6/2024,CUST0019,PROD058,1,228300,0.1,228300,22830,205470,139600,139600,65870,Mobile Money,Completed
ORD02387,9/6/2024,CUST0052,PROD025,7,72800,0.05,509600,25480,484120,59600,417200,66920,Card,Pending
ORD00949,9/6/2024,CUST0118,PROD020,1,27300,0.1,27300,2730,24570,18400,18400,6170,Mobile Money,Completed
ORD00758,9/7/2024,CUST0084,PROD025,6,72800,0.05,436800,21840,414960,59600,357600,57360,Bank Transfer,Pending
ORD02304,9/7/2024,CUST0283,PROD016,3,6400,0,19200,0,19200,4000,12000,7200,Mobile Money,Pending
ORD01614,9/8/2024,CUST0074,PROD016,9,6400,0.2,0,0,0,4000,0,0,Bank Transfer,Cancelled
ORD02141,9/8/2024,CUST0199,PROD058,6,228300,0.1,1369800,136980,1232820,139600,837600,395220,Card,Completed
ORD01436,9/8/2024,CUST0123,PROD017,3,3200,0.1,9600,960,8640,2300,6900,1740,Card,Completed
ORD00043,9/9/2024,CUST0113,PROD011,4,20000,0.05,0,0,0,13400,0,0,Bank Transfer,Cancelled
ORD00086,9/9/2024,CUST0230,PROD026,1,35000,0.2,35000,7000,28000,23500,23500,4500,Mobile Money,Completed
ORD00074,9/10/2024,CUST0296,PROD036,1,247600,0.15,247600,37140,210460,191100,191100,19360,Mobile Money,Completed
ORD00610,9/10/2024,CUST0094,PROD015,7,24400,0.05,0,0,0,17600,0,0,Card,Cancelled
ORD00458,9/10/2024,CUST0052,PROD052,6,392100,0.1,2352600,235260,2117340,307200,1843200,274140,Card,Completed
ORD01823,9/10/2024,CUST0282,PROD002,4,344400,0.15,1377600,206640,1170960,273600,1094400,76560,Bank Transfer,Completed
ORD01774,9/10/2024,CUST0275,PROD045,10,142000,0.05,1420000,71000,1349000,106400,1064000,285000,Card,Completed
ORD00821,9/11/2024,CUST0151,PROD040,9,273300,0.1,2459700,245970,2213730,185400,1668600,545130,Cash,Pending
ORD01663,9/11/2024,CUST0035,PROD022,2,238700,0.1,477400,47740,429660,134700,269400,160260,Card,Completed
ORD01722,9/12/2024,CUST0101,PROD030,4,409300,0.05,1637200,81860,1555340,331400,1325600,229740,Bank Transfer,Completed
ORD02374,9/12/2024,CUST0074,PROD031,4,38500,0.1,154000,15400,138600,27800,111200,27400,Mobile Money,Pending
ORD00298,9/12/2024,CUST0001,PROD002,7,344400,0.05,2410800,120540,2290260,273600,1915200,375060,Bank Transfer,Completed
ORD02155,9/12/2024,CUST0185,PROD047,3,22800,0.25,68400,17100,51300,14000,42000,9300,Card,Completed
ORD01249,9/13/2024,CUST0249,PROD054,6,37100,0.1,222600,22260,200340,25500,153000,47340,Mobile Money,Pending
ORD02488,9/14/2024,CUST0163,PROD013,6,37000,0.15,222000,33300,188700,27000,162000,26700,Bank Transfer,Completed
ORD02028,9/14/2024,CUST0258,PROD058,9,228300,0.2,0,0,0,139600,0,0,Bank Transfer,Cancelled
ORD00996,9/14/2024,CUST0001,PROD035,2,82200,0.1,164400,16440,147960,54600,109200,38760,Bank Transfer,Completed
ORD00645,9/15/2024,CUST0191,PROD010,10,41400,0.05,414000,20700,393300,29700,297000,96300,Card,Completed
ORD01629,9/16/2024,CUST0010,PROD012,2,9700,0.15,19400,2910,16490,7500,15000,1490,Mobile Money,Pending
ORD00439,9/16/2024,CUST0073,PROD050,7,79700,0.1,0,0,0,49400,0,0,Bank Transfer,Cancelled
ORD01330,9/16/2024,CUST0074,PROD010,7,41400,0,289800,0,289800,29700,207900,81900,Card,Completed
ORD00474,9/16/2024,CUST0175,PROD030,1,409300,0.15,409300,61395,347905,331400,331400,16505,Bank Transfer,Completed
ORD00670,9/16/2024,CUST0285,PROD041,3,24800,0.1,74400,7440,66960,16200,48600,18360,Bank Transfer,Completed
ORD01258,9/16/2024,CUST0146,PROD049,1,4000,0.1,4000,400,3600,2300,2300,1300,Cash,Pending
ORD00657,9/16/2024,CUST0208,PROD012,10,9700,0.1,97000,9700,87300,7500,75000,12300,Mobile Money,Completed
ORD00101,9/16/2024,CUST0007,PROD003,9,6900,0.05,62100,3105,58995,5200,46800,12195,Mobile Money,Completed
ORD00226,9/17/2024,CUST0222,PROD020,5,27300,0.05,136500,6825,129675,18400,92000,37675,Mobile Money,Completed
ORD00342,9/17/2024,CUST0244,PROD016,3,6400,0.05,19200,960,18240,4000,12000,6240,Bank Transfer,Completed
ORD00470,9/17/2024,CUST0099,PROD042,7,9300,0.15,65100,9765,55335,5400,37800,17535,Bank Transfer,Completed
ORD02209,9/17/2024,CUST0166,PROD051,2,121500,0.15,243000,36450,206550,92700,185400,21150,Bank Transfer,Completed
ORD01084,9/18/2024,CUST0185,PROD030,9,409300,0.05,3683700,184185,3499515,331400,2982600,516915,Card,Pending
ORD01861,9/18/2024,CUST0155,PROD043,2,188900,0.1,377800,37780,340020,153600,307200,32820,Mobile Money,Completed
ORD00882,9/18/2024,CUST0008,PROD050,6,79700,0.05,478200,23910,454290,49400,296400,157890,Card,Completed
ORD02057,9/18/2024,CUST0151,PROD003,7,6900,0,0,0,0,5200,0,0,Bank Transfer,Cancelled
ORD00009,9/18/2024,CUST0166,PROD034,7,427500,0.1,0,0,0,282400,0,0,Bank Transfer,Cancelled
ORD00887,9/18/2024,CUST0188,PROD052,10,392100,0.1,3921000,392100,3528900,307200,3072000,456900,Mobile Money,Completed
ORD01424,9/19/2024,CUST0035,PROD046,5,29300,0.25,146500,36625,109875,22200,111000,-1125,Mobile Money,Completed
ORD00097,9/19/2024,CUST0128,PROD016,6,6400,0,0,0,0,4000,0,0,Card,Cancelled
ORD02489,9/20/2024,CUST0098,PROD031,10,38500,0.1,385000,38500,346500,27800,278000,68500,Bank Transfer,Pending
ORD01230,9/20/2024,CUST0245,PROD023,4,121900,0.2,0,0,0,79500,0,0,Card,Cancelled
ORD00803,9/21/2024,CUST0110,PROD027,5,25700,0.05,128500,6425,122075,16400,82000,40075,Card,Pending
ORD02404,9/21/2024,CUST0141,PROD032,8,439700,0,0,0,0,331400,0,0,Bank Transfer,Cancelled
ORD01256,9/21/2024,CUST0152,PROD005,3,444900,0.1,1334700,133470,1201230,322200,966600,234630,Mobile Money,Pending
ORD01678,9/21/2024,CUST0001,PROD058,5,228300,0.1,1141500,114150,1027350,139600,698000,329350,Cash,Pending
ORD00687,9/21/2024,CUST0045,PROD003,5,6900,0.1,34500,3450,31050,5200,26000,5050,Bank Transfer,Completed
ORD02034,9/22/2024,CUST0151,PROD050,7,79700,0.1,557900,55790,502110,49400,345800,156310,Card,Completed
ORD00978,9/22/2024,CUST0246,PROD010,2,41400,0.25,0,0,0,29700,0,0,Bank Transfer,Cancelled
ORD00041,9/22/2024,CUST0050,PROD027,5,25700,0.1,128500,12850,115650,16400,82000,33650,Bank Transfer,Completed
ORD01711,9/22/2024,CUST0292,PROD007,8,25700,0.1,205600,20560,185040,16900,135200,49840,Mobile Money,Pending
ORD01154,9/23/2024,CUST0220,PROD023,9,121900,0.05,1097100,54855,1042245,79500,715500,326745,Bank Transfer,Completed
ORD01549,9/23/2024,CUST0189,PROD020,9,27300,0.05,245700,12285,233415,18400,165600,67815,Bank Transfer,Pending
ORD02418,9/23/2024,CUST0227,PROD010,2,41400,0.1,82800,8280,74520,29700,59400,15120,Card,Pending
ORD00998,9/24/2024,CUST0178,PROD021,6,36000,0.05,0,0,0,21600,0,0,Card,Cancelled
ORD00943,9/24/2024,CUST0208,PROD057,5,20100,0.1,0,0,0,11700,0,0,Bank Transfer,Cancelled
ORD00828,9/24/2024,CUST0206,PROD021,2,36000,0.1,72000,7200,64800,21600,43200,21600,Bank Transfer,Pending
ORD00642,9/24/2024,CUST0079,PROD041,4,24800,0.2,99200,19840,79360,16200,64800,14560,Bank Transfer,Completed
ORD00624,9/24/2024,CUST0258,PROD013,4,37000,0.05,0,0,0,27000,0,0,Bank Transfer,Cancelled
ORD00668,9/25/2024,CUST0124,PROD013,3,37000,0,111000,0,111000,27000,81000,30000,Card,Completed
ORD02292,9/25/2024,CUST0286,PROD053,5,247900,0.25,0,0,0,177100,0,0,Mobile Money,Cancelled
ORD02417,9/25/2024,CUST0107,PROD008,9,284900,0.1,2564100,256410,2307690,184900,1664100,643590,Bank Transfer,Completed
ORD00497,9/26/2024,CUST0217,PROD002,1,344400,0.2,344400,68880,275520,273600,273600,1920,Card,Pending
ORD00777,9/26/2024,CUST0160,PROD055,4,175400,0.05,701600,35080,666520,104000,416000,250520,Mobile Money,Completed
ORD01885,9/26/2024,CUST0266,PROD001,7,536800,0.25,3757600,939400,2818200,344100,2408700,409500,Mobile Money,Completed
ORD01754,9/27/2024,CUST0132,PROD040,10,273300,0.15,2733000,409950,2323050,185400,1854000,469050,Mobile Money,Completed
ORD02070,9/27/2024,CUST0300,PROD047,8,22800,0.1,182400,18240,164160,14000,112000,52160,Card,Completed
ORD01612,9/28/2024,CUST0065,PROD016,9,6400,0,57600,0,57600,4000,36000,21600,Bank Transfer,Completed
ORD01817,9/28/2024,CUST0044,PROD007,1,25700,0.2,25700,5140,20560,16900,16900,3660,Bank Transfer,Completed
ORD00726,9/28/2024,CUST0130,PROD011,2,20000,0.1,40000,4000,36000,13400,26800,9200,Card,Completed
ORD00721,9/29/2024,CUST0095,PROD048,10,414500,0.15,4145000,621750,3523250,303100,3031000,492250,Bank Transfer,Completed
ORD01138,9/29/2024,CUST0134,PROD011,1,20000,0.1,0,0,0,13400,0,0,Bank Transfer,Cancelled
ORD00265,9/29/2024,CUST0174,PROD057,10,20100,0.05,201000,10050,190950,11700,117000,73950,Cash,Completed
ORD00393,9/29/2024,CUST0175,PROD014,3,249000,0.1,0,0,0,141700,0,0,Card,Cancelled
ORD01634,9/29/2024,CUST0288,PROD039,8,481400,0.1,3851200,385120,3466080,392300,3138400,327680,Bank Transfer,Completed
ORD01624,9/30/2024,CUST0078,PROD036,10,247600,0,2476000,0,2476000,191100,1911000,565000,Mobile Money,Completed
ORD01425,9/30/2024,CUST0246,PROD038,3,109100,0.1,0,0,0,68900,0,0,Mobile Money,Cancelled
ORD01699,9/30/2024,CUST0056,PROD059,7,534000,0.05,3738000,186900,3551100,343000,2401000,1150100,Card,Completed
ORD02109,10/1/2024,CUST0098,PROD001,6,536800,0.1,3220800,322080,2898720,344100,2064600,834120,Mobile Money,Completed
ORD00785,10/1/2024,CUST0176,PROD058,9,228300,0.15,2054700,308205,1746495,139600,1256400,490095,Bank Transfer,Completed
ORD00837,10/2/2024,CUST0169,PROD020,4,27300,0.25,109200,27300,81900,18400,73600,8300,Bank Transfer,Completed
ORD02495,10/2/2024,CUST0231,PROD059,6,534000,0.2,3204000,640800,2563200,343000,2058000,505200,Card,Completed
ORD02185,10/3/2024,CUST0194,PROD019,4,197300,0.1,789200,78920,710280,120800,483200,227080,Mobile Money,Completed
ORD01581,10/3/2024,CUST0099,PROD038,2,109100,0.15,218200,32730,185470,68900,137800,47670,Bank Transfer,Completed
ORD00212,10/3/2024,CUST0077,PROD053,10,247900,0.05,0,0,0,177100,0,0,Bank Transfer,Cancelled
ORD00705,10/3/2024,CUST0075,PROD057,1,20100,0.2,0,0,0,11700,0,0,Card,Cancelled
ORD01012,10/3/2024,CUST0047,PROD009,4,9600,0.05,0,0,0,6200,0,0,Bank Transfer,Cancelled
ORD01217,10/3/2024,CUST0064,PROD022,9,238700,0.1,0,0,0,134700,0,0,Card,Cancelled
ORD00591,10/3/2024,CUST0113,PROD019,1,197300,0.1,197300,19730,177570,120800,120800,56770,Cash,Pending
ORD01534,10/4/2024,CUST0105,PROD044,6,11500,0.05,69000,3450,65550,6400,38400,27150,Card,Completed
ORD01106,10/4/2024,CUST0035,PROD038,7,109100,0,763700,0,763700,68900,482300,281400,Card,Completed
ORD00317,10/4/2024,CUST0103,PROD036,1,247600,0.15,0,0,0,191100,0,0,Mobile Money,Cancelled
ORD01718,10/4/2024,CUST0278,PROD034,4,427500,0.15,1710000,256500,1453500,282400,1129600,323900,Bank Transfer,Completed
ORD00718,10/5/2024,CUST0159,PROD037,9,107900,0.15,0,0,0,59400,0,0,Card,Cancelled
ORD01772,10/5/2024,CUST0131,PROD049,3,4000,0.25,12000,3000,9000,2300,6900,2100,Bank Transfer,Pending
ORD01008,10/5/2024,CUST0032,PROD027,3,25700,0.1,77100,7710,69390,16400,49200,20190,Bank Transfer,Completed
ORD01758,10/6/2024,CUST0265,PROD053,2,247900,0.1,0,0,0,177100,0,0,Card,Cancelled
ORD01131,10/6/2024,CUST0110,PROD012,9,9700,0.15,87300,13095,74205,7500,67500,6705,Card,Completed
ORD00775,10/7/2024,CUST0041,PROD059,7,534000,0.05,3738000,186900,3551100,343000,2401000,1150100,Card,Pending
ORD01306,10/7/2024,CUST0079,PROD034,7,427500,0.2,2992500,598500,2394000,282400,1976800,417200,Card,Completed
ORD00332,10/7/2024,CUST0104,PROD037,10,107900,0.2,1079000,215800,863200,59400,594000,269200,Cash,Completed
ORD02289,10/8/2024,CUST0268,PROD014,2,249000,0.05,498000,24900,473100,141700,283400,189700,Mobile Money,Completed
ORD01727,10/8/2024,CUST0120,PROD020,9,27300,0.05,245700,12285,233415,18400,165600,67815,Bank Transfer,Completed
ORD02018,10/9/2024,CUST0090,PROD048,5,414500,0,2072500,0,2072500,303100,1515500,557000,Card,Completed
ORD02181,10/9/2024,CUST0249,PROD001,2,536800,0,1073600,0,1073600,344100,688200,385400,Card,Completed
ORD01931,10/9/2024,CUST0020,PROD021,1,36000,0.25,36000,9000,27000,21600,21600,5400,Card,Completed
ORD00309,10/9/2024,CUST0155,PROD013,5,37000,0.1,185000,18500,166500,27000,135000,31500,Mobile Money,Completed
ORD00889,10/9/2024,CUST0197,PROD013,7,37000,0.05,0,0,0,27000,0,0,Card,Cancelled
ORD00646,10/9/2024,CUST0063,PROD017,8,3200,0.15,0,0,0,2300,0,0,Card,Cancelled
ORD01894,10/9/2024,CUST0145,PROD014,7,249000,0.1,1743000,174300,1568700,141700,991900,576800,Cash,Completed
ORD01759,10/9/2024,CUST0205,PROD051,2,121500,0.15,243000,36450,206550,92700,185400,21150,Bank Transfer,Completed
ORD00186,10/10/2024,CUST0089,PROD029,9,183600,0.05,1652400,82620,1569780,105400,948600,621180,Cash,Completed
ORD02043,10/10/2024,CUST0143,PROD018,5,29300,0.1,146500,14650,131850,21500,107500,24350,Card,Pending
ORD01145,10/10/2024,CUST0146,PROD019,2,197300,0.15,0,0,0,120800,0,0,Bank Transfer,Cancelled
ORD00787,10/10/2024,CUST0039,PROD003,3,6900,0.1,20700,2070,18630,5200,15600,3030,Mobile Money,Pending
ORD02218,10/11/2024,CUST0292,PROD008,7,284900,0.1,1994300,199430,1794870,184900,1294300,500570,Bank Transfer,Completed
ORD00802,10/12/2024,CUST0280,PROD035,1,82200,0.15,0,0,0,54600,0,0,Card,Cancelled
ORD01224,10/12/2024,CUST0168,PROD057,3,20100,0.2,60300,12060,48240,11700,35100,13140,Card,Pending
ORD01206,10/13/2024,CUST0046,PROD018,9,29300,0,263700,0,263700,21500,193500,70200,Bank Transfer,Completed
ORD00079,10/13/2024,CUST0131,PROD006,2,17200,0.15,34400,5160,29240,12200,24400,4840,Bank Transfer,Completed
ORD00260,10/14/2024,CUST0273,PROD051,4,121500,0.2,0,0,0,92700,0,0,Bank Transfer,Cancelled
ORD00275,10/14/2024,CUST0246,PROD035,4,82200,0.2,328800,65760,263040,54600,218400,44640,Mobile Money,Pending
ORD00261,10/14/2024,CUST0058,PROD054,7,37100,0,259700,0,259700,25500,178500,81200,Card,Pending
ORD00550,10/15/2024,CUST0197,PROD046,4,29300,0.05,117200,5860,111340,22200,88800,22540,Bank Transfer,Completed
ORD00724,10/15/2024,CUST0187,PROD022,9,238700,0.15,2148300,322245,1826055,134700,1212300,613755,Bank Transfer,Completed
ORD02240,10/15/2024,CUST0019,PROD002,3,344400,0,1033200,0,1033200,273600,820800,212400,Card,Completed
ORD00044,10/15/2024,CUST0170,PROD047,3,22800,0.15,68400,10260,58140,14000,42000,16140,Card,Completed
ORD02270,10/15/2024,CUST0019,PROD025,1,72800,0.2,72800,14560,58240,59600,59600,-1360,Bank Transfer,Completed
ORD01951,10/15/2024,CUST0057,PROD018,7,29300,0.2,205100,41020,164080,21500,150500,13580,Bank Transfer,Completed
ORD01288,10/16/2024,CUST0088,PROD003,4,6900,0.15,27600,4140,23460,5200,20800,2660,Cash,Pending
ORD01766,10/16/2024,CUST0217,PROD018,1,29300,0.2,29300,5860,23440,21500,21500,1940,Mobile Money,Completed
ORD01337,10/16/2024,CUST0103,PROD047,7,22800,0.15,159600,23940,135660,14000,98000,37660,Cash,Completed
ORD01266,10/16/2024,CUST0226,PROD037,9,107900,0.2,0,0,0,59400,0,0,Card,Cancelled
ORD01040,10/16/2024,CUST0044,PROD059,6,534000,0.15,0,0,0,343000,0,0,Cash,Cancelled
ORD00900,10/17/2024,CUST0173,PROD009,9,9600,0.1,86400,8640,77760,6200,55800,21960,Bank Transfer,Completed
ORD01238,10/18/2024,CUST0177,PROD029,8,183600,0.05,1468800,73440,1395360,105400,843200,552160,Mobile Money,Pending
ORD02345,10/18/2024,CUST0217,PROD031,3,38500,0.1,115500,11550,103950,27800,83400,20550,Card,Pending
ORD01396,10/19/2024,CUST0285,PROD034,6,427500,0.1,0,0,0,282400,0,0,Bank Transfer,Cancelled
ORD00582,10/20/2024,CUST0247,PROD050,8,79700,0.15,637600,95640,541960,49400,395200,146760,Bank Transfer,Pending
ORD01011,10/20/2024,CUST0016,PROD002,1,344400,0.15,344400,51660,292740,273600,273600,19140,Mobile Money,Pending
ORD01349,10/20/2024,CUST0183,PROD011,9,20000,0.2,180000,36000,144000,13400,120600,23400,Card,Completed
ORD01585,10/20/2024,CUST0212,PROD039,3,481400,0.1,0,0,0,392300,0,0,Mobile Money,Cancelled
ORD00476,10/21/2024,CUST0017,PROD012,1,9700,0.15,9700,1455,8245,7500,7500,745,Cash,Completed
ORD02001,10/21/2024,CUST0210,PROD058,5,228300,0.15,1141500,171225,970275,139600,698000,272275,Bank Transfer,Pending
ORD01289,10/21/2024,CUST0244,PROD044,3,11500,0.15,34500,5175,29325,6400,19200,10125,Bank Transfer,Completed
ORD02287,10/21/2024,CUST0057,PROD029,9,183600,0,1652400,0,1652400,105400,948600,703800,Cash,Completed
ORD02126,10/21/2024,CUST0234,PROD054,6,37100,0.25,222600,55650,166950,25500,153000,13950,Bank Transfer,Completed
ORD00995,10/22/2024,CUST0260,PROD012,7,9700,0.15,67900,10185,57715,7500,52500,5215,Card,Completed
ORD02094,10/22/2024,CUST0101,PROD034,3,427500,0.2,1282500,256500,1026000,282400,847200,178800,Card,Pending
ORD00629,10/23/2024,CUST0241,PROD001,7,536800,0.1,3757600,375760,3381840,344100,2408700,973140,Mobile Money,Completed
ORD02093,10/25/2024,CUST0200,PROD001,2,536800,0.05,1073600,53680,1019920,344100,688200,331720,Mobile Money,Pending
ORD02497,10/25/2024,CUST0280,PROD048,8,414500,0,3316000,0,3316000,303100,2424800,891200,Bank Transfer,Pending
ORD01125,10/26/2024,CUST0226,PROD010,3,41400,0.05,0,0,0,29700,0,0,Bank Transfer,Cancelled
ORD02430,10/26/2024,CUST0057,PROD020,6,27300,0.2,0,0,0,18400,0,0,Card,Cancelled
ORD02045,10/27/2024,CUST0127,PROD058,2,228300,0.2,456600,91320,365280,139600,279200,86080,Cash,Completed
ORD01547,10/27/2024,CUST0171,PROD015,3,24400,0.15,0,0,0,17600,0,0,Card,Cancelled
ORD00848,10/27/2024,CUST0287,PROD033,9,36700,0.2,330300,66060,264240,21900,197100,67140,Card,Pending
ORD00946,10/27/2024,CUST0118,PROD058,7,228300,0.25,1598100,399525,1198575,139600,977200,221375,Card,Completed
ORD00464,10/28/2024,CUST0249,PROD005,4,444900,0.25,1779600,444900,1334700,322200,1288800,45900,Card,Completed
ORD00906,10/28/2024,CUST0111,PROD060,4,341700,0.25,1366800,341700,1025100,223100,892400,132700,Bank Transfer,Completed
ORD00748,10/28/2024,CUST0296,PROD002,5,344400,0,0,0,0,273600,0,0,Card,Cancelled
ORD00291,10/28/2024,CUST0201,PROD007,2,25700,0.1,51400,5140,46260,16900,33800,12460,Card,Completed
ORD00352,10/28/2024,CUST0288,PROD039,10,481400,0.05,0,0,0,392300,0,0,Bank Transfer,Cancelled
ORD01592,10/28/2024,CUST0247,PROD052,6,392100,0.05,2352600,117630,2234970,307200,1843200,391770,Cash,Pending
ORD02173,10/29/2024,CUST0145,PROD007,8,25700,0.15,205600,30840,174760,16900,135200,39560,Mobile Money,Completed
ORD00434,10/29/2024,CUST0181,PROD016,4,6400,0.05,25600,1280,24320,4000,16000,8320,Bank Transfer,Completed
ORD01226,10/29/2024,CUST0135,PROD028,2,159200,0.1,0,0,0,112500,0,0,Card,Cancelled
ORD01732,10/29/2024,CUST0130,PROD059,1,534000,0.1,534000,53400,480600,343000,343000,137600,Mobile Money,Completed
ORD01403,10/29/2024,CUST0075,PROD015,5,24400,0.15,122000,18300,103700,17600,88000,15700,Bank Transfer,Pending
ORD01172,10/30/2024,CUST0147,PROD049,9,4000,0.15,36000,5400,30600,2300,20700,9900,Card,Pending
ORD00836,10/30/2024,CUST0044,PROD038,1,109100,0.1,109100,10910,98190,68900,68900,29290,Card,Pending
ORD02103,10/30/2024,CUST0182,PROD024,9,148600,0,1337400,0,1337400,96300,866700,470700,Mobile Money,Pending
ORD01399,10/30/2024,CUST0152,PROD023,2,121900,0.1,243800,24380,219420,79500,159000,60420,Mobile Money,Completed
ORD00538,10/31/2024,CUST0271,PROD049,10,4000,0.15,40000,6000,34000,2300,23000,11000,Card,Completed
ORD02294,10/31/2024,CUST0099,PROD008,7,284900,0,0,0,0,184900,0,0,Mobile Money,Cancelled
ORD01111,10/31/2024,CUST0147,PROD011,3,20000,0.05,60000,3000,57000,13400,40200,16800,Card,Pending
ORD01798,11/1/2024,CUST0071,PROD011,4,20000,0.1,80000,8000,72000,13400,53600,18400,Card,Completed
ORD00714,11/2/2024,CUST0095,PROD012,1,9700,0.15,9700,1455,8245,7500,7500,745,Card,Completed
ORD01499,11/2/2024,CUST0130,PROD038,4,109100,0.1,436400,43640,392760,68900,275600,117160,Card,Completed
ORD00622,11/2/2024,CUST0209,PROD026,6,35000,0,210000,0,210000,23500,141000,69000,Card,Completed
ORD01863,11/3/2024,CUST0107,PROD002,3,344400,0.05,1033200,51660,981540,273600,820800,160740,Card,Completed
ORD00154,11/3/2024,CUST0028,PROD054,10,37100,0.1,0,0,0,25500,0,0,Cash,Cancelled
ORD02015,11/4/2024,CUST0013,PROD008,2,284900,0.1,569800,56980,512820,184900,369800,143020,Card,Pending
ORD01815,11/5/2024,CUST0140,PROD012,10,9700,0.05,0,0,0,7500,0,0,Cash,Cancelled
ORD00008,11/6/2024,CUST0086,PROD028,10,159200,0,0,0,0,112500,0,0,Bank Transfer,Cancelled
ORD01626,11/6/2024,CUST0096,PROD031,1,38500,0.05,38500,1925,36575,27800,27800,8775,Card,Pending
ORD02190,11/6/2024,CUST0231,PROD004,3,560000,0,1680000,0,1680000,348100,1044300,635700,Card,Completed
ORD01001,11/6/2024,CUST0008,PROD036,10,247600,0.2,2476000,495200,1980800,191100,1911000,69800,Bank Transfer,Pending
ORD02182,11/7/2024,CUST0117,PROD009,2,9600,0.25,19200,4800,14400,6200,12400,2000,Bank Transfer,Completed
ORD01440,11/8/2024,CUST0165,PROD052,1,392100,0.15,392100,58815,333285,307200,307200,26085,Card,Pending
ORD01853,11/8/2024,CUST0246,PROD026,2,35000,0.1,70000,7000,63000,23500,47000,16000,Bank Transfer,Completed
ORD00529,11/8/2024,CUST0190,PROD024,8,148600,0.1,1188800,118880,1069920,96300,770400,299520,Card,Completed
ORD00478,11/8/2024,CUST0141,PROD003,1,6900,0.15,6900,1035,5865,5200,5200,665,Bank Transfer,Completed
ORD00746,11/8/2024,CUST0108,PROD024,7,148600,0.15,1040200,156030,884170,96300,674100,210070,Mobile Money,Pending
ORD01914,11/8/2024,CUST0008,PROD006,5,17200,0,86000,0,86000,12200,61000,25000,Bank Transfer,Pending
ORD01305,11/8/2024,CUST0276,PROD046,8,29300,0.2,234400,46880,187520,22200,177600,9920,Card,Completed
ORD02097,11/9/2024,CUST0171,PROD019,4,197300,0.2,789200,157840,631360,120800,483200,148160,Bank Transfer,Completed
ORD02388,11/9/2024,CUST0134,PROD003,3,6900,0.05,20700,1035,19665,5200,15600,4065,Mobile Money,Completed
ORD00716,11/9/2024,CUST0068,PROD041,5,24800,0.2,124000,24800,99200,16200,81000,18200,Mobile Money,Pending
ORD02297,11/9/2024,CUST0129,PROD048,9,414500,0.05,3730500,186525,3543975,303100,2727900,816075,Card,Completed
ORD00531,11/9/2024,CUST0237,PROD006,9,17200,0.05,154800,7740,147060,12200,109800,37260,Card,Completed
ORD00363,11/9/2024,CUST0210,PROD031,6,38500,0.1,0,0,0,27800,0,0,Card,Cancelled
ORD00419,11/9/2024,CUST0149,PROD025,8,72800,0.05,582400,29120,553280,59600,476800,76480,Bank Transfer,Completed
ORD02198,11/9/2024,CUST0085,PROD039,10,481400,0.15,0,0,0,392300,0,0,Mobile Money,Cancelled
ORD02392,11/9/2024,CUST0211,PROD012,6,9700,0.15,0,0,0,7500,0,0,Card,Cancelled
ORD01889,11/10/2024,CUST0238,PROD001,6,536800,0.05,3220800,161040,3059760,344100,2064600,995160,Card,Completed
ORD02036,11/10/2024,CUST0188,PROD007,3,25700,0,77100,0,77100,16900,50700,26400,Bank Transfer,Completed
ORD01712,11/10/2024,CUST0114,PROD054,5,37100,0.1,185500,18550,166950,25500,127500,39450,Mobile Money,Completed
ORD00014,11/11/2024,CUST0235,PROD048,1,414500,0.15,414500,62175,352325,303100,303100,49225,Mobile Money,Completed
ORD01787,11/12/2024,CUST0189,PROD025,7,72800,0.1,0,0,0,59600,0,0,Card,Cancelled
ORD02380,11/12/2024,CUST0007,PROD002,7,344400,0.05,2410800,120540,2290260,273600,1915200,375060,Cash,Completed
ORD02286,11/12/2024,CUST0146,PROD041,8,24800,0.25,0,0,0,16200,0,0,Bank Transfer,Cancelled
ORD01980,11/13/2024,CUST0226,PROD049,8,4000,0.05,32000,1600,30400,2300,18400,12000,Card,Completed
ORD00914,11/13/2024,CUST0299,PROD022,3,238700,0.15,716100,107415,608685,134700,404100,204585,Card,Pending
ORD02441,11/13/2024,CUST0116,PROD051,10,121500,0.1,1215000,121500,1093500,92700,927000,166500,Bank Transfer,Pending
ORD01941,11/13/2024,CUST0145,PROD024,9,148600,0.1,1337400,133740,1203660,96300,866700,336960,Bank Transfer,Completed
ORD02112,11/14/2024,CUST0061,PROD024,5,148600,0.1,0,0,0,96300,0,0,Mobile Money,Cancelled
ORD00412,11/14/2024,CUST0025,PROD036,10,247600,0.1,0,0,0,191100,0,0,Card,Cancelled
ORD02187,11/14/2024,CUST0266,PROD060,10,341700,0.05,3417000,170850,3246150,223100,2231000,1015150,Cash,Completed
ORD01215,11/15/2024,CUST0151,PROD015,2,24400,0.1,0,0,0,17600,0,0,Card,Cancelled
ORD00804,11/15/2024,CUST0146,PROD049,7,4000,0.1,28000,2800,25200,2300,16100,9100,Bank Transfer,Completed
ORD00230,11/15/2024,CUST0226,PROD059,1,534000,0,0,0,0,343000,0,0,Bank Transfer,Cancelled
ORD01298,11/16/2024,CUST0209,PROD011,7,20000,0.15,140000,21000,119000,13400,93800,25200,Cash,Completed
ORD01975,11/17/2024,CUST0213,PROD044,5,11500,0.2,57500,11500,46000,6400,32000,14000,Bank Transfer,Completed
ORD01667,11/17/2024,CUST0097,PROD056,10,58800,0.1,588000,58800,529200,33300,333000,196200,Mobile Money,Completed
ORD01281,11/17/2024,CUST0048,PROD044,1,11500,0.05,0,0,0,6400,0,0,Card,Cancelled
ORD02357,11/18/2024,CUST0108,PROD042,10,9300,0.2,93000,18600,74400,5400,54000,20400,Card,Completed
ORD01201,11/18/2024,CUST0126,PROD006,5,17200,0.25,86000,21500,64500,12200,61000,3500,Mobile Money,Completed
ORD01705,11/19/2024,CUST0155,PROD058,10,228300,0.1,2283000,228300,2054700,139600,1396000,658700,Mobile Money,Completed
ORD00841,11/19/2024,CUST0109,PROD057,3,20100,0.15,60300,9045,51255,11700,35100,16155,Card,Completed
ORD00961,11/19/2024,CUST0029,PROD040,5,273300,0.15,1366500,204975,1161525,185400,927000,234525,Bank Transfer,Completed
ORD02293,11/20/2024,CUST0203,PROD015,3,24400,0.05,73200,3660,69540,17600,52800,16740,Card,Pending
ORD01978,11/20/2024,CUST0175,PROD017,4,3200,0.05,12800,640,12160,2300,9200,2960,Bank Transfer,Completed
ORD01354,11/20/2024,CUST0122,PROD006,5,17200,0.15,86000,12900,73100,12200,61000,12100,Bank Transfer,Completed
ORD00835,11/20/2024,CUST0015,PROD020,9,27300,0.15,245700,36855,208845,18400,165600,43245,Card,Completed
ORD01060,11/20/2024,CUST0190,PROD046,8,29300,0.1,234400,23440,210960,22200,177600,33360,Card,Pending
ORD01780,11/21/2024,CUST0049,PROD049,10,4000,0.15,40000,6000,34000,2300,23000,11000,Card,Completed
ORD02023,11/21/2024,CUST0076,PROD042,6,9300,0.05,55800,2790,53010,5400,32400,20610,Cash,Completed
ORD01428,11/21/2024,CUST0007,PROD037,6,107900,0.2,647400,129480,517920,59400,356400,161520,Mobile Money,Pending
ORD01233,11/22/2024,CUST0021,PROD011,6,20000,0.05,120000,6000,114000,13400,80400,33600,Card,Pending
ORD01688,11/22/2024,CUST0226,PROD051,8,121500,0.1,972000,97200,874800,92700,741600,133200,Mobile Money,Completed
ORD00548,11/22/2024,CUST0230,PROD040,9,273300,0.15,2459700,368955,2090745,185400,1668600,422145,Bank Transfer,Completed
ORD01733,11/22/2024,CUST0137,PROD059,9,534000,0.1,4806000,480600,4325400,343000,3087000,1238400,Mobile Money,Completed
ORD00789,11/22/2024,CUST0066,PROD039,2,481400,0.25,0,0,0,392300,0,0,Mobile Money,Cancelled
ORD01196,11/24/2024,CUST0098,PROD044,10,11500,0.15,115000,17250,97750,6400,64000,33750,Cash,Pending
ORD01416,11/24/2024,CUST0224,PROD022,8,238700,0,1909600,0,1909600,134700,1077600,832000,Bank Transfer,Pending
ORD00240,11/24/2024,CUST0099,PROD055,8,175400,0.05,1403200,70160,1333040,104000,832000,501040,Bank Transfer,Completed
ORD00093,11/24/2024,CUST0008,PROD008,1,284900,0.2,284900,56980,227920,184900,184900,43020,Card,Pending
ORD02274,11/25/2024,CUST0081,PROD055,1,175400,0.1,175400,17540,157860,104000,104000,53860,Card,Pending
ORD01930,11/26/2024,CUST0167,PROD017,8,3200,0.15,25600,3840,21760,2300,18400,3360,Card,Completed
ORD01502,11/26/2024,CUST0081,PROD004,8,560000,0.1,0,0,0,348100,0,0,Bank Transfer,Cancelled
ORD01531,11/26/2024,CUST0161,PROD036,7,247600,0,1733200,0,1733200,191100,1337700,395500,Card,Pending
ORD01604,11/26/2024,CUST0179,PROD023,9,121900,0.25,1097100,274275,822825,79500,715500,107325,Cash,Completed
ORD02490,11/26/2024,CUST0156,PROD021,2,36000,0.2,0,0,0,21600,0,0,Bank Transfer,Cancelled
ORD02099,11/26/2024,CUST0166,PROD021,1,36000,0.05,0,0,0,21600,0,0,Mobile Money,Cancelled
ORD00971,11/27/2024,CUST0079,PROD035,9,82200,0.1,739800,73980,665820,54600,491400,174420,Bank Transfer,Completed
ORD00939,11/27/2024,CUST0051,PROD025,9,72800,0.1,655200,65520,589680,59600,536400,53280,Bank Transfer,Completed
ORD00852,11/27/2024,CUST0190,PROD013,3,37000,0.1,111000,11100,99900,27000,81000,18900,Bank Transfer,Pending
ORD01620,11/27/2024,CUST0181,PROD038,8,109100,0.25,872800,218200,654600,68900,551200,103400,Cash,Completed
ORD02351,11/28/2024,CUST0133,PROD049,5,4000,0.2,20000,4000,16000,2300,11500,4500,Cash,Completed
ORD00931,11/28/2024,CUST0220,PROD018,5,29300,0,146500,0,146500,21500,107500,39000,Card,Completed
ORD01605,11/28/2024,CUST0219,PROD060,6,341700,0,0,0,0,223100,0,0,Bank Transfer,Cancelled
ORD00810,11/29/2024,CUST0173,PROD030,9,409300,0.1,3683700,368370,3315330,331400,2982600,332730,Card,Completed
ORD02144,11/30/2024,CUST0232,PROD042,1,9300,0.05,9300,465,8835,5400,5400,3435,Cash,Completed
ORD02346,11/30/2024,CUST0001,PROD023,8,121900,0.05,0,0,0,79500,0,0,Card,Cancelled
ORD02353,11/30/2024,CUST0178,PROD013,10,37000,0.15,370000,55500,314500,27000,270000,44500,Bank Transfer,Completed
ORD00401,12/1/2024,CUST0246,PROD032,8,439700,0.1,3517600,351760,3165840,331400,2651200,514640,Bank Transfer,Pending
ORD00048,12/1/2024,CUST0288,PROD035,4,82200,0.15,328800,49320,279480,54600,218400,61080,Bank Transfer,Completed
ORD02319,12/1/2024,CUST0167,PROD001,9,536800,0.1,4831200,483120,4348080,344100,3096900,1251180,Card,Pending
ORD01895,12/1/2024,CUST0223,PROD031,6,38500,0.05,0,0,0,27800,0,0,Card,Cancelled
ORD02433,12/1/2024,CUST0173,PROD057,9,20100,0.05,180900,9045,171855,11700,105300,66555,Cash,Completed
ORD01198,12/2/2024,CUST0168,PROD017,7,3200,0.15,22400,3360,19040,2300,16100,2940,Bank Transfer,Completed
ORD01866,12/2/2024,CUST0011,PROD058,6,228300,0.1,1369800,136980,1232820,139600,837600,395220,Cash,Completed
ORD01309,12/2/2024,CUST0258,PROD058,9,228300,0.15,0,0,0,139600,0,0,Card,Cancelled
ORD00236,12/2/2024,CUST0185,PROD041,4,24800,0.15,99200,14880,84320,16200,64800,19520,Cash,Pending
ORD02106,12/3/2024,CUST0292,PROD022,3,238700,0.15,716100,107415,608685,134700,404100,204585,Bank Transfer,Completed
ORD00715,12/3/2024,CUST0135,PROD013,1,37000,0.05,37000,1850,35150,27000,27000,8150,Card,Completed
ORD01965,12/3/2024,CUST0025,PROD003,10,6900,0.1,69000,6900,62100,5200,52000,10100,Card,Completed
ORD02101,12/3/2024,CUST0221,PROD023,7,121900,0,853300,0,853300,79500,556500,296800,Mobile Money,Pending
ORD00145,12/3/2024,CUST0236,PROD030,5,409300,0.15,2046500,306975,1739525,331400,1657000,82525,Card,Completed
ORD01891,12/4/2024,CUST0169,PROD003,5,6900,0.1,34500,3450,31050,5200,26000,5050,Card,Pending
ORD01548,12/4/2024,CUST0295,PROD033,2,36700,0.25,73400,18350,55050,21900,43800,11250,Bank Transfer,Pending
ORD02327,12/4/2024,CUST0255,PROD034,9,427500,0.05,3847500,192375,3655125,282400,2541600,1113525,Bank Transfer,Pending
ORD02462,12/5/2024,CUST0214,PROD025,8,72800,0.1,0,0,0,59600,0,0,Bank Transfer,Cancelled
ORD02461,12/5/2024,CUST0130,PROD030,10,409300,0.2,4093000,818600,3274400,331400,3314000,-39600,Card,Completed
ORD01862,12/5/2024,CUST0053,PROD039,8,481400,0.1,3851200,385120,3466080,392300,3138400,327680,Card,Completed
ORD01122,12/6/2024,CUST0009,PROD050,6,79700,0.1,478200,47820,430380,49400,296400,133980,Mobile Money,Completed
ORD02166,12/6/2024,CUST0246,PROD058,8,228300,0.1,1826400,182640,1643760,139600,1116800,526960,Mobile Money,Completed
ORD00912,12/6/2024,CUST0115,PROD049,5,4000,0,20000,0,20000,2300,11500,8500,Card,Completed
ORD02066,12/6/2024,CUST0255,PROD052,4,392100,0.1,1568400,156840,1411560,307200,1228800,182760,Bank Transfer,Completed
ORD01792,12/7/2024,CUST0118,PROD030,5,409300,0.15,2046500,306975,1739525,331400,1657000,82525,Card,Completed
ORD00493,12/7/2024,CUST0060,PROD035,6,82200,0.15,0,0,0,54600,0,0,Mobile Money,Cancelled
ORD00013,12/7/2024,CUST0256,PROD026,6,35000,0.1,210000,21000,189000,23500,141000,48000,Card,Completed
ORD01351,12/8/2024,CUST0130,PROD002,9,344400,0.1,3099600,309960,2789640,273600,2462400,327240,Card,Completed
ORD01115,12/8/2024,CUST0175,PROD059,8,534000,0.15,4272000,640800,3631200,343000,2744000,887200,Bank Transfer,Completed
ORD00849,12/8/2024,CUST0273,PROD001,6,536800,0,0,0,0,344100,0,0,Card,Cancelled
ORD01797,12/8/2024,CUST0148,PROD024,5,148600,0.05,743000,37150,705850,96300,481500,224350,Bank Transfer,Completed
ORD00954,12/8/2024,CUST0011,PROD056,2,58800,0.15,117600,17640,99960,33300,66600,33360,Mobile Money,Completed
ORD00919,12/9/2024,CUST0240,PROD018,2,29300,0.15,58600,8790,49810,21500,43000,6810,Bank Transfer,Completed
ORD01072,12/9/2024,CUST0186,PROD019,2,197300,0,394600,0,394600,120800,241600,153000,Card,Completed
ORD00581,12/9/2024,CUST0150,PROD019,1,197300,0.1,197300,19730,177570,120800,120800,56770,Card,Completed
ORD00082,12/10/2024,CUST0090,PROD003,4,6900,0,0,0,0,5200,0,0,Bank Transfer,Cancelled
ORD01992,12/10/2024,CUST0194,PROD060,1,341700,0.05,341700,17085,324615,223100,223100,101515,Mobile Money,Pending
ORD00302,12/10/2024,CUST0208,PROD004,9,560000,0.15,5040000,756000,4284000,348100,3132900,1151100,Card,Completed
ORD00878,12/12/2024,CUST0058,PROD054,1,37100,0.2,37100,7420,29680,25500,25500,4180,Cash,Pending
ORD00870,12/13/2024,CUST0054,PROD003,2,6900,0,13800,0,13800,5200,10400,3400,Card,Completed
ORD02376,12/13/2024,CUST0067,PROD011,5,20000,0.2,100000,20000,80000,13400,67000,13000,Card,Pending
ORD01211,12/14/2024,CUST0232,PROD038,9,109100,0.15,981900,147285,834615,68900,620100,214515,Card,Completed
ORD01673,12/14/2024,CUST0032,PROD059,4,534000,0.1,2136000,213600,1922400,343000,1372000,550400,Card,Pending
ORD00466,12/14/2024,CUST0182,PROD005,5,444900,0.15,0,0,0,322200,0,0,Card,Cancelled
ORD00227,12/15/2024,CUST0131,PROD001,10,536800,0.15,5368000,805200,4562800,344100,3441000,1121800,Card,Completed
ORD00425,12/15/2024,CUST0242,PROD015,9,24400,0.1,219600,21960,197640,17600,158400,39240,Bank Transfer,Pending
ORD00994,12/15/2024,CUST0218,PROD040,3,273300,0.05,819900,40995,778905,185400,556200,222705,Card,Completed
ORD00259,12/16/2024,CUST0205,PROD017,6,3200,0.1,19200,1920,17280,2300,13800,3480,Card,Completed
ORD00228,12/17/2024,CUST0237,PROD001,1,536800,0.1,536800,53680,483120,344100,344100,139020,Card,Pending
ORD01644,12/17/2024,CUST0044,PROD006,1,17200,0.05,17200,860,16340,12200,12200,4140,Card,Completed
ORD02021,12/17/2024,CUST0250,PROD054,5,37100,0.1,185500,18550,166950,25500,127500,39450,Cash,Completed
ORD00321,12/18/2024,CUST0213,PROD016,5,6400,0.05,32000,1600,30400,4000,20000,10400,Mobile Money,Completed
ORD00678,12/18/2024,CUST0027,PROD002,2,344400,0.2,688800,137760,551040,273600,547200,3840,Card,Completed
ORD00763,12/19/2024,CUST0266,PROD054,4,37100,0.15,0,0,0,25500,0,0,Mobile Money,Cancelled
ORD00555,12/19/2024,CUST0173,PROD030,3,409300,0.05,1227900,61395,1166505,331400,994200,172305,Card,Completed
ORD01633,12/19/2024,CUST0150,PROD009,8,9600,0.1,76800,7680,69120,6200,49600,19520,Mobile Money,Pending
ORD02277,12/19/2024,CUST0197,PROD060,1,341700,0.05,341700,17085,324615,223100,223100,101515,Bank Transfer,Completed
ORD01719,12/19/2024,CUST0203,PROD049,5,4000,0.2,20000,4000,16000,2300,11500,4500,Card,Completed
ORD01338,12/19/2024,CUST0296,PROD014,10,249000,0.05,2490000,124500,2365500,141700,1417000,948500,Bank Transfer,Completed
ORD01117,12/19/2024,CUST0085,PROD029,9,183600,0.25,1652400,413100,1239300,105400,948600,290700,Card,Completed
ORD01402,12/20/2024,CUST0284,PROD007,10,25700,0.1,257000,25700,231300,16900,169000,62300,Bank Transfer,Completed
ORD01262,12/20/2024,CUST0190,PROD039,7,481400,0.1,3369800,336980,3032820,392300,2746100,286720,Card,Completed
ORD02395,12/20/2024,CUST0004,PROD043,7,188900,0,1322300,0,1322300,153600,1075200,247100,Bank Transfer,Completed
ORD00471,12/21/2024,CUST0208,PROD032,10,439700,0.1,4397000,439700,3957300,331400,3314000,643300,Bank Transfer,Completed
ORD01434,12/21/2024,CUST0087,PROD015,2,24400,0.05,48800,2440,46360,17600,35200,11160,Bank Transfer,Completed
ORD01781,12/22/2024,CUST0055,PROD036,7,247600,0.05,1733200,86660,1646540,191100,1337700,308840,Cash,Completed
ORD01002,12/22/2024,CUST0253,PROD048,9,414500,0.05,3730500,186525,3543975,303100,2727900,816075,Bank Transfer,Pending
ORD01622,12/22/2024,CUST0162,PROD029,1,183600,0.15,183600,27540,156060,105400,105400,50660,Bank Transfer,Completed
ORD01271,12/23/2024,CUST0182,PROD039,3,481400,0.1,1444200,144420,1299780,392300,1176900,122880,Card,Pending
ORD01260,12/23/2024,CUST0237,PROD030,3,409300,0.1,1227900,122790,1105110,331400,994200,110910,Mobile Money,Completed
ORD01279,12/23/2024,CUST0122,PROD042,4,9300,0.25,0,0,0,5400,0,0,Card,Cancelled
ORD01695,12/24/2024,CUST0115,PROD054,5,37100,0.2,185500,37100,148400,25500,127500,20900,Card,Completed
ORD00105,12/24/2024,CUST0181,PROD013,9,37000,0.1,333000,33300,299700,27000,243000,56700,Mobile Money,Completed
ORD01127,12/24/2024,CUST0113,PROD009,4,9600,0.1,38400,3840,34560,6200,24800,9760,Bank Transfer,Completed
ORD00292,12/25/2024,CUST0180,PROD049,7,4000,0.05,28000,1400,26600,2300,16100,10500,Card,Completed
ORD00239,12/25/2024,CUST0032,PROD046,8,29300,0.05,234400,11720,222680,22200,177600,45080,Card,Completed
ORD01032,12/25/2024,CUST0181,PROD014,6,249000,0.1,1494000,149400,1344600,141700,850200,494400,Bank Transfer,Completed
ORD01553,12/25/2024,CUST0286,PROD009,5,9600,0.15,48000,7200,40800,6200,31000,9800,Card,Completed
ORD00879,12/26/2024,CUST0111,PROD033,2,36700,0.2,73400,14680,58720,21900,43800,14920,Bank Transfer,Completed
ORD01572,12/26/2024,CUST0198,PROD013,3,37000,0.05,111000,5550,105450,27000,81000,24450,Cash,Completed
ORD01967,12/26/2024,CUST0226,PROD051,7,121500,0.1,0,0,0,92700,0,0,Card,Cancelled
ORD02197,12/27/2024,CUST0078,PROD043,8,188900,0.05,1511200,75560,1435640,153600,1228800,206840,Bank Transfer,Pending
ORD00337,12/27/2024,CUST0184,PROD036,5,247600,0.15,1238000,185700,1052300,191100,955500,96800,Mobile Money,Pending
ORD00893,12/27/2024,CUST0276,PROD025,2,72800,0.15,0,0,0,59600,0,0,Mobile Money,Cancelled
ORD01641,12/27/2024,CUST0097,PROD018,10,29300,0.1,293000,29300,263700,21500,215000,48700,Bank Transfer,Completed
ORD01541,12/27/2024,CUST0113,PROD028,9,159200,0.05,1432800,71640,1361160,112500,1012500,348660,Bank Transfer,Pending
ORD02135,12/28/2024,CUST0090,PROD051,5,121500,0.2,607500,121500,486000,92700,463500,22500,Cash,Completed
ORD02266,12/28/2024,CUST0258,PROD007,1,25700,0.1,25700,2570,23130,16900,16900,6230,Card,Completed
ORD00916,12/28/2024,CUST0137,PROD041,1,24800,0.2,24800,4960,19840,16200,16200,3640,Card,Pending
ORD01080,12/28/2024,CUST0022,PROD049,6,4000,0.1,24000,2400,21600,2300,13800,7800,Mobile Money,Pending
ORD01024,12/29/2024,CUST0203,PROD006,3,17200,0,0,0,0,12200,0,0,Bank Transfer,Cancelled
ORD00697,12/29/2024,CUST0116,PROD018,7,29300,0.2,0,0,0,21500,0,0,Card,Cancelled
ORD02322,12/29/2024,CUST0254,PROD060,6,341700,0,2050200,0,2050200,223100,1338600,711600,Bank Transfer,Completed
ORD00482,12/29/2024,CUST0262,PROD009,1,9600,0.1,9600,960,8640,6200,6200,2440,Bank Transfer,Completed
ORD01113,12/30/2024,CUST0008,PROD056,2,58800,0.1,117600,11760,105840,33300,66600,39240,Mobile Money,Completed
ORD01192,12/30/2024,CUST0126,PROD007,2,25700,0.1,51400,5140,46260,16900,33800,12460,Card,Pending
ORD02091,12/31/2024,CUST0056,PROD005,4,444900,0.25,1779600,444900,1334700,322200,1288800,45900,Card,Pending
ORD00658,12/31/2024,CUST0292,PROD035,10,82200,0.15,822000,123300,698700,54600,546000,152700,Cash,Pending
ORD02481,12/31/2024,CUST0123,PROD002,2,344400,0.1,688800,68880,619920,273600,547200,72720,Card,Pending
ORD00214,12/31/2024,CUST0270,PROD058,7,228300,0.15,0,0,0,139600,0,0,Card,Cancelled
ORD02069,1/1/2025,CUST0159,PROD038,9,109100,0.05,981900,49095,932805,68900,620100,312705,Card,Completed
ORD01757,1/1/2025,CUST0108,PROD018,6,29300,0.15,175800,26370,149430,21500,129000,20430,Card,Completed
ORD00331,1/1/2025,CUST0063,PROD052,6,392100,0.1,2352600,235260,2117340,307200,1843200,274140,Mobile Money,Completed
ORD02013,1/1/2025,CUST0005,PROD015,9,24400,0,219600,0,219600,17600,158400,61200,Card,Completed
ORD00234,1/2/2025,CUST0247,PROD045,7,142000,0.15,994000,149100,844900,106400,744800,100100,Bank Transfer,Completed
ORD01746,1/2/2025,CUST0101,PROD036,5,247600,0.15,1238000,185700,1052300,191100,955500,96800,Bank Transfer,Pending
ORD02389,1/2/2025,CUST0211,PROD009,7,9600,0.25,67200,16800,50400,6200,43400,7000,Card,Pending
ORD02127,1/3/2025,CUST0001,PROD026,9,35000,0.1,315000,31500,283500,23500,211500,72000,Mobile Money,Completed
ORD02084,1/3/2025,CUST0058,PROD034,2,427500,0.1,0,0,0,282400,0,0,Bank Transfer,Cancelled
ORD02442,1/3/2025,CUST0162,PROD031,10,38500,0,385000,0,385000,27800,278000,107000,Mobile Money,Completed
ORD01880,1/3/2025,CUST0106,PROD018,8,29300,0,234400,0,234400,21500,172000,62400,Mobile Money,Completed
ORD01099,1/3/2025,CUST0053,PROD002,7,344400,0.1,2410800,241080,2169720,273600,1915200,254520,Card,Pending
ORD01229,1/4/2025,CUST0137,PROD007,6,25700,0.2,154200,30840,123360,16900,101400,21960,Card,Completed
ORD02061,1/4/2025,CUST0219,PROD003,10,6900,0.15,0,0,0,5200,0,0,Card,Cancelled
ORD00251,1/4/2025,CUST0213,PROD035,6,82200,0.05,0,0,0,54600,0,0,Card,Cancelled
ORD02439,1/5/2025,CUST0117,PROD009,9,9600,0.15,0,0,0,6200,0,0,Card,Cancelled
ORD00539,1/5/2025,CUST0171,PROD036,9,247600,0.2,2228400,445680,1782720,191100,1719900,62820,Card,Completed
ORD00688,1/6/2025,CUST0275,PROD042,5,9300,0.2,46500,9300,37200,5400,27000,10200,Card,Completed
ORD02225,1/6/2025,CUST0021,PROD018,6,29300,0.05,175800,8790,167010,21500,129000,38010,Bank Transfer,Completed
ORD01494,1/7/2025,CUST0272,PROD056,6,58800,0.25,0,0,0,33300,0,0,Card,Cancelled
ORD00256,1/8/2025,CUST0127,PROD040,5,273300,0.15,1366500,204975,1161525,185400,927000,234525,Card,Completed
ORD01019,1/9/2025,CUST0039,PROD039,7,481400,0.15,3369800,505470,2864330,392300,2746100,118230,Card,Completed
ORD00794,1/9/2025,CUST0078,PROD022,8,238700,0.15,1909600,286440,1623160,134700,1077600,545560,Bank Transfer,Completed
ORD01275,1/9/2025,CUST0034,PROD053,1,247900,0.15,247900,37185,210715,177100,177100,33615,Bank Transfer,Completed
ORD01917,1/9/2025,CUST0124,PROD013,5,37000,0.15,0,0,0,27000,0,0,Mobile Money,Cancelled
ORD00806,1/10/2025,CUST0162,PROD024,8,148600,0.05,1188800,59440,1129360,96300,770400,358960,Card,Completed
ORD01071,1/10/2025,CUST0236,PROD022,4,238700,0.1,954800,95480,859320,134700,538800,320520,Bank Transfer,Completed
ORD01912,1/10/2025,CUST0140,PROD004,8,560000,0.25,4480000,1120000,3360000,348100,2784800,575200,Bank Transfer,Completed
ORD00598,1/10/2025,CUST0175,PROD032,9,439700,0.05,3957300,197865,3759435,331400,2982600,776835,Card,Pending
ORD00371,1/11/2025,CUST0142,PROD014,7,249000,0.15,1743000,261450,1481550,141700,991900,489650,Card,Completed
ORD00694,1/11/2025,CUST0231,PROD049,6,4000,0.1,24000,2400,21600,2300,13800,7800,Mobile Money,Completed
ORD00983,1/11/2025,CUST0278,PROD027,1,25700,0.1,25700,2570,23130,16400,16400,6730,Bank Transfer,Completed
ORD02077,1/11/2025,CUST0182,PROD018,5,29300,0.2,146500,29300,117200,21500,107500,9700,Card,Pending
ORD01465,1/12/2025,CUST0247,PROD008,7,284900,0.1,1994300,199430,1794870,184900,1294300,500570,Cash,Completed
ORD01849,1/12/2025,CUST0018,PROD041,4,24800,0,99200,0,99200,16200,64800,34400,Card,Pending
ORD02454,1/12/2025,CUST0039,PROD019,10,197300,0,0,0,0,120800,0,0,Bank Transfer,Cancelled
ORD00972,1/12/2025,CUST0110,PROD056,3,58800,0.05,0,0,0,33300,0,0,Bank Transfer,Cancelled
ORD00248,1/12/2025,CUST0127,PROD001,10,536800,0.05,5368000,268400,5099600,344100,3441000,1658600,Card,Pending
ORD02073,1/13/2025,CUST0220,PROD050,5,79700,0,398500,0,398500,49400,247000,151500,Bank Transfer,Completed
ORD00618,1/13/2025,CUST0011,PROD018,2,29300,0.15,58600,8790,49810,21500,43000,6810,Card,Completed
ORD01114,1/13/2025,CUST0122,PROD002,6,344400,0.25,2066400,516600,1549800,273600,1641600,-91800,Card,Completed
ORD01808,1/13/2025,CUST0063,PROD019,8,197300,0.05,1578400,78920,1499480,120800,966400,533080,Card,Completed
ORD01038,1/14/2025,CUST0237,PROD031,1,38500,0.05,38500,1925,36575,27800,27800,8775,Card,Pending
ORD00106,1/14/2025,CUST0215,PROD056,3,58800,0,176400,0,176400,33300,99900,76500,Cash,Completed
ORD02310,1/14/2025,CUST0129,PROD029,10,183600,0,1836000,0,1836000,105400,1054000,782000,Cash,Completed
ORD00892,1/14/2025,CUST0109,PROD039,2,481400,0.05,0,0,0,392300,0,0,Card,Cancelled
ORD01277,1/14/2025,CUST0134,PROD038,10,109100,0.1,1091000,109100,981900,68900,689000,292900,Card,Completed
ORD00604,1/15/2025,CUST0281,PROD053,7,247900,0.25,1735300,433825,1301475,177100,1239700,61775,Bank Transfer,Completed
ORD00050,1/15/2025,CUST0155,PROD031,6,38500,0.05,231000,11550,219450,27800,166800,52650,Bank Transfer,Completed
ORD00380,1/15/2025,CUST0010,PROD020,2,27300,0.1,54600,5460,49140,18400,36800,12340,Bank Transfer,Pending
ORD00681,1/16/2025,CUST0281,PROD034,3,427500,0.05,1282500,64125,1218375,282400,847200,371175,Card,Pending
ORD01806,1/16/2025,CUST0121,PROD013,4,37000,0.05,148000,7400,140600,27000,108000,32600,Card,Completed
ORD02262,1/16/2025,CUST0042,PROD058,10,228300,0.1,2283000,228300,2054700,139600,1396000,658700,Bank Transfer,Completed
ORD00917,1/16/2025,CUST0020,PROD010,9,41400,0,0,0,0,29700,0,0,Bank Transfer,Cancelled
ORD00084,1/16/2025,CUST0013,PROD005,4,444900,0.05,1779600,88980,1690620,322200,1288800,401820,Card,Completed
ORD00243,1/16/2025,CUST0076,PROD022,9,238700,0,0,0,0,134700,0,0,Bank Transfer,Cancelled
ORD00594,1/17/2025,CUST0279,PROD016,3,6400,0.05,19200,960,18240,4000,12000,6240,Mobile Money,Completed
ORD01123,1/17/2025,CUST0015,PROD014,5,249000,0.25,0,0,0,141700,0,0,Bank Transfer,Cancelled
ORD02337,1/18/2025,CUST0235,PROD001,5,536800,0.2,2684000,536800,2147200,344100,1720500,426700,Card,Completed
ORD01790,1/18/2025,CUST0025,PROD017,8,3200,0.15,0,0,0,2300,0,0,Bank Transfer,Cancelled
ORD00540,1/18/2025,CUST0159,PROD002,3,344400,0.05,1033200,51660,981540,273600,820800,160740,Cash,Completed
ORD02443,1/18/2025,CUST0067,PROD042,8,9300,0.1,74400,7440,66960,5400,43200,23760,Cash,Pending
ORD01257,1/18/2025,CUST0019,PROD033,10,36700,0.2,367000,73400,293600,21900,219000,74600,Bank Transfer,Completed
ORD02163,1/19/2025,CUST0196,PROD051,3,121500,0.05,364500,18225,346275,92700,278100,68175,Mobile Money,Completed
ORD01129,1/19/2025,CUST0266,PROD011,3,20000,0.1,60000,6000,54000,13400,40200,13800,Card,Completed
ORD00203,1/19/2025,CUST0249,PROD010,9,41400,0.1,372600,37260,335340,29700,267300,68040,Mobile Money,Completed
ORD00128,1/20/2025,CUST0011,PROD021,4,36000,0.1,0,0,0,21600,0,0,Bank Transfer,Cancelled
ORD00643,1/20/2025,CUST0072,PROD008,3,284900,0.2,854700,170940,683760,184900,554700,129060,Card,Pending
ORD02426,1/20/2025,CUST0181,PROD011,5,20000,0.15,100000,15000,85000,13400,67000,18000,Card,Completed
ORD01990,1/21/2025,CUST0177,PROD010,1,41400,0.2,41400,8280,33120,29700,29700,3420,Mobile Money,Pending
ORD00993,1/21/2025,CUST0132,PROD016,8,6400,0,51200,0,51200,4000,32000,19200,Bank Transfer,Completed
ORD02305,1/21/2025,CUST0211,PROD051,2,121500,0.1,0,0,0,92700,0,0,Card,Cancelled
ORD02116,1/21/2025,CUST0226,PROD011,6,20000,0,120000,0,120000,13400,80400,39600,Mobile Money,Completed
ORD00644,1/21/2025,CUST0263,PROD028,1,159200,0.1,159200,15920,143280,112500,112500,30780,Card,Completed
ORD01456,1/21/2025,CUST0151,PROD056,7,58800,0.05,411600,20580,391020,33300,233100,157920,Mobile Money,Completed
ORD01068,1/22/2025,CUST0135,PROD020,9,27300,0.05,245700,12285,233415,18400,165600,67815,Bank Transfer,Completed
ORD02459,1/22/2025,CUST0070,PROD011,1,20000,0.2,20000,4000,16000,13400,13400,2600,Mobile Money,Completed
ORD02193,1/23/2025,CUST0179,PROD022,3,238700,0.1,716100,71610,644490,134700,404100,240390,Card,Completed
ORD01628,1/24/2025,CUST0002,PROD060,5,341700,0.15,1708500,256275,1452225,223100,1115500,336725,Card,Pending
ORD01584,1/24/2025,CUST0022,PROD045,5,142000,0,710000,0,710000,106400,532000,178000,Cash,Pending
ORD00071,1/24/2025,CUST0043,PROD010,6,41400,0.1,248400,24840,223560,29700,178200,45360,Mobile Money,Pending
ORD01896,1/24/2025,CUST0257,PROD027,1,25700,0.05,25700,1285,24415,16400,16400,8015,Card,Completed
ORD02124,1/24/2025,CUST0116,PROD013,8,37000,0.05,296000,14800,281200,27000,216000,65200,Card,Completed
ORD01353,1/24/2025,CUST0013,PROD054,6,37100,0.15,222600,33390,189210,25500,153000,36210,Bank Transfer,Completed
ORD01483,1/25/2025,CUST0038,PROD026,9,35000,0.25,315000,78750,236250,23500,211500,24750,Card,Completed
ORD00220,1/25/2025,CUST0160,PROD022,3,238700,0.15,716100,107415,608685,134700,404100,204585,Cash,Completed
ORD01784,1/25/2025,CUST0118,PROD052,9,392100,0,0,0,0,307200,0,0,Card,Cancelled
ORD00590,1/25/2025,CUST0018,PROD037,9,107900,0,971100,0,971100,59400,534600,436500,Bank Transfer,Pending
ORD01955,1/25/2025,CUST0220,PROD027,3,25700,0.25,0,0,0,16400,0,0,Bank Transfer,Cancelled
ORD01061,1/26/2025,CUST0117,PROD018,8,29300,0.15,234400,35160,199240,21500,172000,27240,Bank Transfer,Pending
ORD00057,1/26/2025,CUST0059,PROD020,9,27300,0.05,245700,12285,233415,18400,165600,67815,Card,Pending
ORD02466,1/26/2025,CUST0165,PROD026,4,35000,0.15,140000,21000,119000,23500,94000,25000,Cash,Completed
ORD01969,1/26/2025,CUST0180,PROD030,9,409300,0.15,0,0,0,331400,0,0,Mobile Money,Cancelled
ORD00753,1/27/2025,CUST0283,PROD026,2,35000,0.1,0,0,0,23500,0,0,Card,Cancelled
ORD01526,1/27/2025,CUST0082,PROD034,1,427500,0.05,427500,21375,406125,282400,282400,123725,Card,Pending
ORD00175,1/27/2025,CUST0112,PROD024,3,148600,0.15,0,0,0,96300,0,0,Bank Transfer,Cancelled
ORD00358,1/27/2025,CUST0186,PROD016,3,6400,0.25,19200,4800,14400,4000,12000,2400,Card,Completed
ORD01545,1/28/2025,CUST0113,PROD031,9,38500,0,346500,0,346500,27800,250200,96300,Card,Completed
ORD01058,1/29/2025,CUST0161,PROD052,10,392100,0.1,3921000,392100,3528900,307200,3072000,456900,Bank Transfer,Completed
ORD00695,1/29/2025,CUST0038,PROD019,8,197300,0.1,1578400,157840,1420560,120800,966400,454160,Cash,Pending
ORD02431,1/29/2025,CUST0040,PROD021,7,36000,0.1,252000,25200,226800,21600,151200,75600,Mobile Money,Completed
ORD01160,1/29/2025,CUST0269,PROD008,2,284900,0.1,569800,56980,512820,184900,369800,143020,Bank Transfer,Completed
ORD00152,1/29/2025,CUST0138,PROD020,9,27300,0.2,245700,49140,196560,18400,165600,30960,Mobile Money,Completed
ORD02438,1/30/2025,CUST0011,PROD030,3,409300,0.05,1227900,61395,1166505,331400,994200,172305,Card,Pending
ORD01411,1/31/2025,CUST0184,PROD055,4,175400,0.1,701600,70160,631440,104000,416000,215440,Bank Transfer,Completed
ORD00169,1/31/2025,CUST0096,PROD053,8,247900,0.2,1983200,396640,1586560,177100,1416800,169760,Card,Completed
ORD00288,1/31/2025,CUST0055,PROD039,1,481400,0.05,481400,24070,457330,392300,392300,65030,Card,Completed
ORD00927,1/31/2025,CUST0294,PROD055,1,175400,0.15,175400,26310,149090,104000,104000,45090,Card,Completed
ORD00797,2/1/2025,CUST0015,PROD005,7,444900,0.1,3114300,311430,2802870,322200,2255400,547470,Bank Transfer,Completed
ORD01453,2/1/2025,CUST0273,PROD005,9,444900,0.25,4004100,1001025,3003075,322200,2899800,103275,Card,Completed
ORD00218,2/2/2025,CUST0072,PROD002,2,344400,0.15,688800,103320,585480,273600,547200,38280,Mobile Money,Pending
ORD00034,2/2/2025,CUST0183,PROD033,3,36700,0.05,110100,5505,104595,21900,65700,38895,Card,Completed
ORD01741,2/2/2025,CUST0152,PROD006,6,17200,0.15,103200,15480,87720,12200,73200,14520,Bank Transfer,Completed
ORD01182,2/2/2025,CUST0214,PROD036,6,247600,0.1,1485600,148560,1337040,191100,1146600,190440,Bank Transfer,Pending
ORD00518,2/2/2025,CUST0050,PROD037,2,107900,0.1,215800,21580,194220,59400,118800,75420,Cash,Completed
ORD00442,2/2/2025,CUST0002,PROD045,8,142000,0.05,1136000,56800,1079200,106400,851200,228000,Bank Transfer,Completed
ORD00450,2/3/2025,CUST0094,PROD057,4,20100,0.05,80400,4020,76380,11700,46800,29580,Cash,Pending
ORD00099,2/3/2025,CUST0144,PROD016,9,6400,0.15,57600,8640,48960,4000,36000,12960,Mobile Money,Completed
ORD02408,2/3/2025,CUST0232,PROD001,7,536800,0.15,3757600,563640,3193960,344100,2408700,785260,Bank Transfer,Completed
ORD00499,2/3/2025,CUST0005,PROD041,10,24800,0.15,248000,37200,210800,16200,162000,48800,Card,Pending
ORD01375,2/4/2025,CUST0144,PROD060,2,341700,0.1,683400,68340,615060,223100,446200,168860,Bank Transfer,Pending
ORD02229,2/4/2025,CUST0238,PROD024,7,148600,0.05,0,0,0,96300,0,0,Card,Cancelled
ORD00437,2/4/2025,CUST0237,PROD003,5,6900,0.15,34500,5175,29325,5200,26000,3325,Cash,Completed
ORD02407,2/4/2025,CUST0273,PROD012,7,9700,0.15,67900,10185,57715,7500,52500,5215,Card,Completed
ORD01933,2/4/2025,CUST0135,PROD016,7,6400,0.1,44800,4480,40320,4000,28000,12320,Bank Transfer,Completed
ORD00751,2/4/2025,CUST0012,PROD051,4,121500,0.1,0,0,0,92700,0,0,Card,Cancelled
ORD01717,2/4/2025,CUST0215,PROD020,7,27300,0.2,191100,38220,152880,18400,128800,24080,Cash,Pending
ORD00266,2/5/2025,CUST0264,PROD034,7,427500,0.15,0,0,0,282400,0,0,Card,Cancelled
ORD01303,2/6/2025,CUST0247,PROD023,3,121900,0.05,365700,18285,347415,79500,238500,108915,Bank Transfer,Completed
ORD01728,2/6/2025,CUST0097,PROD018,4,29300,0.15,117200,17580,99620,21500,86000,13620,Bank Transfer,Completed
ORD02010,2/6/2025,CUST0018,PROD041,10,24800,0.15,248000,37200,210800,16200,162000,48800,Card,Completed
ORD01960,2/6/2025,CUST0110,PROD013,4,37000,0.1,148000,14800,133200,27000,108000,25200,Mobile Money,Pending
ORD01963,2/7/2025,CUST0234,PROD014,6,249000,0.1,0,0,0,141700,0,0,Bank Transfer,Cancelled
ORD01709,2/7/2025,CUST0130,PROD046,7,29300,0.15,205100,30765,174335,22200,155400,18935,Mobile Money,Completed
ORD01689,2/7/2025,CUST0158,PROD014,2,249000,0.25,498000,124500,373500,141700,283400,90100,Card,Completed
ORD00910,2/7/2025,CUST0298,PROD015,8,24400,0.1,195200,19520,175680,17600,140800,34880,Cash,Completed
ORD00351,2/8/2025,CUST0058,PROD047,4,22800,0.05,91200,4560,86640,14000,56000,30640,Mobile Money,Completed
ORD02471,2/8/2025,CUST0114,PROD031,7,38500,0.25,0,0,0,27800,0,0,Card,Cancelled
ORD01737,2/8/2025,CUST0168,PROD032,9,439700,0.15,0,0,0,331400,0,0,Card,Cancelled
ORD00131,2/8/2025,CUST0058,PROD054,2,37100,0.25,74200,18550,55650,25500,51000,4650,Mobile Money,Pending
ORD00387,2/8/2025,CUST0271,PROD018,1,29300,0.05,29300,1465,27835,21500,21500,6335,Bank Transfer,Completed
ORD00035,2/8/2025,CUST0028,PROD021,6,36000,0.15,216000,32400,183600,21600,129600,54000,Bank Transfer,Pending
ORD00861,2/9/2025,CUST0278,PROD030,3,409300,0.1,1227900,122790,1105110,331400,994200,110910,Mobile Money,Completed
ORD00872,2/9/2025,CUST0218,PROD053,1,247900,0,0,0,0,177100,0,0,Mobile Money,Cancelled
ORD00414,2/9/2025,CUST0070,PROD009,8,9600,0.2,76800,15360,61440,6200,49600,11840,Bank Transfer,Completed
ORD00011,2/9/2025,CUST0183,PROD015,3,24400,0.1,73200,7320,65880,17600,52800,13080,Card,Pending
ORD00004,2/10/2025,CUST0269,PROD059,5,534000,0.2,2670000,534000,2136000,343000,1715000,421000,Card,Completed
ORD00760,2/10/2025,CUST0284,PROD001,10,536800,0.1,5368000,536800,4831200,344100,3441000,1390200,Bank Transfer,Completed
ORD00313,2/10/2025,CUST0232,PROD035,3,82200,0,246600,0,246600,54600,163800,82800,Bank Transfer,Completed
ORD01848,2/10/2025,CUST0278,PROD002,1,344400,0.15,344400,51660,292740,273600,273600,19140,Bank Transfer,Pending
ORD01181,2/10/2025,CUST0051,PROD012,5,9700,0.05,0,0,0,7500,0,0,Mobile Money,Cancelled
ORD00206,2/11/2025,CUST0018,PROD025,1,72800,0.25,72800,18200,54600,59600,59600,-5000,Bank Transfer,Completed
ORD01326,2/11/2025,CUST0164,PROD015,6,24400,0.15,146400,21960,124440,17600,105600,18840,Card,Pending
ORD00490,2/11/2025,CUST0241,PROD013,1,37000,0,37000,0,37000,27000,27000,10000,Card,Completed
ORD01009,2/11/2025,CUST0146,PROD020,10,27300,0.15,273000,40950,232050,18400,184000,48050,Bank Transfer,Pending
ORD02068,2/12/2025,CUST0104,PROD010,5,41400,0.2,207000,41400,165600,29700,148500,17100,Card,Pending
ORD01464,2/12/2025,CUST0292,PROD046,2,29300,0.15,58600,8790,49810,22200,44400,5410,Mobile Money,Pending
ORD02384,2/12/2025,CUST0231,PROD036,4,247600,0,990400,0,990400,191100,764400,226000,Card,Pending
ORD01803,2/14/2025,CUST0199,PROD036,5,247600,0.1,1238000,123800,1114200,191100,955500,158700,Card,Completed
ORD01979,2/15/2025,CUST0229,PROD040,4,273300,0.1,0,0,0,185400,0,0,Cash,Cancelled
ORD01324,2/15/2025,CUST0099,PROD039,6,481400,0.1,2888400,288840,2599560,392300,2353800,245760,Bank Transfer,Completed
ORD00968,2/15/2025,CUST0238,PROD019,1,197300,0.1,0,0,0,120800,0,0,Card,Cancelled
ORD01517,2/15/2025,CUST0251,PROD059,10,534000,0.15,5340000,801000,4539000,343000,3430000,1109000,Card,Completed
ORD02263,2/15/2025,CUST0276,PROD022,3,238700,0.05,716100,35805,680295,134700,404100,276195,Bank Transfer,Completed
ORD01555,2/15/2025,CUST0196,PROD008,6,284900,0.15,0,0,0,184900,0,0,Card,Cancelled
ORD02326,2/16/2025,CUST0200,PROD041,5,24800,0.15,0,0,0,16200,0,0,Mobile Money,Cancelled
ORD02029,2/16/2025,CUST0127,PROD012,4,9700,0.1,38800,3880,34920,7500,30000,4920,Mobile Money,Completed
ORD00328,2/16/2025,CUST0139,PROD024,5,148600,0.1,743000,74300,668700,96300,481500,187200,Card,Pending
ORD00492,2/17/2025,CUST0163,PROD044,8,11500,0,92000,0,92000,6400,51200,40800,Bank Transfer,Completed
ORD00272,2/17/2025,CUST0189,PROD004,4,560000,0.2,2240000,448000,1792000,348100,1392400,399600,Cash,Completed
ORD01259,2/17/2025,CUST0241,PROD034,3,427500,0.15,1282500,192375,1090125,282400,847200,242925,Card,Pending
ORD02215,2/17/2025,CUST0097,PROD017,1,3200,0.25,3200,800,2400,2300,2300,100,Mobile Money,Completed
ORD02041,2/17/2025,CUST0181,PROD033,10,36700,0.2,367000,73400,293600,21900,219000,74600,Card,Completed
ORD02241,2/17/2025,CUST0193,PROD048,7,414500,0.25,2901500,725375,2176125,303100,2121700,54425,Card,Completed
ORD02371,2/17/2025,CUST0178,PROD005,6,444900,0.15,2669400,400410,2268990,322200,1933200,335790,Cash,Completed
ORD02014,2/17/2025,CUST0182,PROD026,5,35000,0.05,175000,8750,166250,23500,117500,48750,Mobile Money,Completed
ORD02309,2/19/2025,CUST0109,PROD037,6,107900,0.2,647400,129480,517920,59400,356400,161520,Card,Pending
ORD00194,2/19/2025,CUST0040,PROD058,1,228300,0.15,0,0,0,139600,0,0,Mobile Money,Cancelled
ORD02245,2/19/2025,CUST0233,PROD009,1,9600,0,9600,0,9600,6200,6200,3400,Card,Pending
ORD01118,2/19/2025,CUST0045,PROD011,8,20000,0.05,160000,8000,152000,13400,107200,44800,Card,Completed
ORD00709,2/20/2025,CUST0290,PROD001,1,536800,0.1,536800,53680,483120,344100,344100,139020,Bank Transfer,Completed
ORD01179,2/20/2025,CUST0233,PROD014,1,249000,0.05,249000,12450,236550,141700,141700,94850,Bank Transfer,Pending
ORD01855,2/21/2025,CUST0051,PROD057,10,20100,0,0,0,0,11700,0,0,Card,Cancelled
ORD00369,2/21/2025,CUST0076,PROD048,6,414500,0.15,2487000,373050,2113950,303100,1818600,295350,Cash,Pending
ORD01053,2/22/2025,CUST0118,PROD054,10,37100,0.1,371000,37100,333900,25500,255000,78900,Card,Completed
ORD00010,2/22/2025,CUST0114,PROD053,4,247900,0.2,991600,198320,793280,177100,708400,84880,Bank Transfer,Pending
ORD00999,2/22/2025,CUST0189,PROD050,8,79700,0.25,637600,159400,478200,49400,395200,83000,Mobile Money,Completed
ORD02064,2/22/2025,CUST0144,PROD015,9,24400,0.1,219600,21960,197640,17600,158400,39240,Mobile Money,Completed
ORD01882,2/22/2025,CUST0119,PROD028,5,159200,0.15,796000,119400,676600,112500,562500,114100,Bank Transfer,Pending
ORD00108,2/23/2025,CUST0256,PROD055,6,175400,0.1,1052400,105240,947160,104000,624000,323160,Card,Completed
ORD00964,2/23/2025,CUST0035,PROD033,7,36700,0.1,256900,25690,231210,21900,153300,77910,Card,Completed
ORD02139,2/23/2025,CUST0132,PROD037,3,107900,0.1,323700,32370,291330,59400,178200,113130,Bank Transfer,Pending
ORD02052,2/23/2025,CUST0198,PROD010,8,41400,0.05,331200,16560,314640,29700,237600,77040,Bank Transfer,Completed
ORD01795,2/23/2025,CUST0157,PROD007,5,25700,0.05,0,0,0,16900,0,0,Bank Transfer,Cancelled
ORD01016,2/23/2025,CUST0260,PROD003,7,6900,0.25,0,0,0,5200,0,0,Card,Cancelled
ORD01657,2/24/2025,CUST0097,PROD016,3,6400,0.05,19200,960,18240,4000,12000,6240,Card,Completed
ORD01374,2/24/2025,CUST0030,PROD054,9,37100,0.2,333900,66780,267120,25500,229500,37620,Card,Completed
ORD00319,2/24/2025,CUST0273,PROD055,3,175400,0.15,526200,78930,447270,104000,312000,135270,Mobile Money,Pending
ORD01045,2/24/2025,CUST0101,PROD017,1,3200,0.2,3200,640,2560,2300,2300,260,Bank Transfer,Completed
ORD01755,2/24/2025,CUST0047,PROD019,3,197300,0,591900,0,591900,120800,362400,229500,Cash,Completed
ORD01481,2/24/2025,CUST0192,PROD039,10,481400,0.15,4814000,722100,4091900,392300,3923000,168900,Card,Pending
ORD00110,2/25/2025,CUST0179,PROD021,1,36000,0.1,0,0,0,21600,0,0,Bank Transfer,Cancelled
ORD00165,2/25/2025,CUST0278,PROD048,1,414500,0.15,0,0,0,303100,0,0,Card,Cancelled
ORD01577,2/25/2025,CUST0241,PROD035,3,82200,0.05,0,0,0,54600,0,0,Mobile Money,Cancelled
ORD00137,2/26/2025,CUST0052,PROD046,9,29300,0.05,263700,13185,250515,22200,199800,50715,Bank Transfer,Pending
ORD01845,2/26/2025,CUST0238,PROD008,7,284900,0.15,1994300,299145,1695155,184900,1294300,400855,Card,Pending
ORD00559,2/26/2025,CUST0004,PROD030,5,409300,0.1,0,0,0,331400,0,0,Card,Cancelled
ORD00851,2/27/2025,CUST0110,PROD005,2,444900,0.05,889800,44490,845310,322200,644400,200910,Bank Transfer,Completed
ORD00898,2/27/2025,CUST0275,PROD047,7,22800,0.15,159600,23940,135660,14000,98000,37660,Card,Completed
ORD00776,2/27/2025,CUST0162,PROD006,2,17200,0.15,34400,5160,29240,12200,24400,4840,Mobile Money,Completed
ORD02320,2/28/2025,CUST0082,PROD015,4,24400,0.1,0,0,0,17600,0,0,Bank Transfer,Cancelled
ORD01985,2/28/2025,CUST0254,PROD011,4,20000,0.15,80000,12000,68000,13400,53600,14400,Bank Transfer,Pending
ORD00542,2/28/2025,CUST0045,PROD039,5,481400,0,2407000,0,2407000,392300,1961500,445500,Card,Completed
ORD02207,2/28/2025,CUST0062,PROD016,4,6400,0.2,25600,5120,20480,4000,16000,4480,Cash,Completed
ORD00176,2/28/2025,CUST0145,PROD013,9,37000,0.2,333000,66600,266400,27000,243000,23400,Mobile Money,Completed
ORD00784,3/1/2025,CUST0226,PROD040,10,273300,0.1,2733000,273300,2459700,185400,1854000,605700,Card,Completed
ORD00525,3/1/2025,CUST0296,PROD013,8,37000,0,296000,0,296000,27000,216000,80000,Card,Completed
ORD02210,3/1/2025,CUST0171,PROD037,3,107900,0.2,323700,64740,258960,59400,178200,80760,Card,Completed
ORD00462,3/1/2025,CUST0101,PROD034,5,427500,0,2137500,0,2137500,282400,1412000,725500,Card,Completed
ORD01054,3/2/2025,CUST0155,PROD027,2,25700,0.2,51400,10280,41120,16400,32800,8320,Card,Completed
ORD00620,3/2/2025,CUST0214,PROD053,7,247900,0.15,1735300,260295,1475005,177100,1239700,235305,Cash,Completed
ORD01647,3/2/2025,CUST0097,PROD043,2,188900,0.25,377800,94450,283350,153600,307200,-23850,Card,Pending
ORD01909,3/3/2025,CUST0262,PROD055,6,175400,0.1,1052400,105240,947160,104000,624000,323160,Card,Completed
ORD01598,3/3/2025,CUST0278,PROD012,2,9700,0.1,0,0,0,7500,0,0,Cash,Cancelled
ORD01364,3/3/2025,CUST0214,PROD047,5,22800,0.1,114000,11400,102600,14000,70000,32600,Bank Transfer,Completed
ORD02329,3/4/2025,CUST0035,PROD046,5,29300,0.25,146500,36625,109875,22200,111000,-1125,Bank Transfer,Pending
ORD02390,3/4/2025,CUST0219,PROD022,8,238700,0.25,1909600,477400,1432200,134700,1077600,354600,Bank Transfer,Completed
ORD00024,3/4/2025,CUST0019,PROD003,10,6900,0,69000,0,69000,5200,52000,17000,Card,Completed
ORD01018,3/4/2025,CUST0039,PROD006,4,17200,0.15,68800,10320,58480,12200,48800,9680,Card,Completed
ORD01079,3/5/2025,CUST0093,PROD031,9,38500,0.15,0,0,0,27800,0,0,Bank Transfer,Cancelled
ORD00956,3/6/2025,CUST0279,PROD018,6,29300,0.05,175800,8790,167010,21500,129000,38010,Card,Completed
ORD00850,3/6/2025,CUST0083,PROD051,6,121500,0.15,729000,109350,619650,92700,556200,63450,Cash,Completed
ORD01390,3/6/2025,CUST0010,PROD032,2,439700,0,879400,0,879400,331400,662800,216600,Card,Completed
ORD01102,3/6/2025,CUST0271,PROD052,1,392100,0.15,392100,58815,333285,307200,307200,26085,Mobile Money,Completed
ORD00423,3/7/2025,CUST0192,PROD042,10,9300,0.15,93000,13950,79050,5400,54000,25050,Bank Transfer,Completed
ORD00901,3/7/2025,CUST0171,PROD040,7,273300,0.05,1913100,95655,1817445,185400,1297800,519645,Mobile Money,Completed
ORD00826,3/7/2025,CUST0243,PROD039,7,481400,0.2,3369800,673960,2695840,392300,2746100,-50260,Card,Completed
ORD02284,3/8/2025,CUST0152,PROD031,8,38500,0.15,308000,46200,261800,27800,222400,39400,Mobile Money,Completed
ORD01767,3/8/2025,CUST0154,PROD052,6,392100,0,2352600,0,2352600,307200,1843200,509400,Card,Completed
ORD01070,3/9/2025,CUST0210,PROD042,9,9300,0.15,83700,12555,71145,5400,48600,22545,Mobile Money,Completed
ORD01530,3/9/2025,CUST0032,PROD055,2,175400,0.25,350800,87700,263100,104000,208000,55100,Bank Transfer,Completed
ORD00690,3/9/2025,CUST0141,PROD059,10,534000,0.05,5340000,267000,5073000,343000,3430000,1643000,Bank Transfer,Pending
ORD00205,3/10/2025,CUST0048,PROD052,2,392100,0.2,784200,156840,627360,307200,614400,12960,Cash,Completed
ORD02336,3/10/2025,CUST0194,PROD020,10,27300,0,273000,0,273000,18400,184000,89000,Card,Completed
ORD00576,3/10/2025,CUST0297,PROD027,8,25700,0.2,205600,41120,164480,16400,131200,33280,Bank Transfer,Completed
ORD01136,3/10/2025,CUST0279,PROD056,9,58800,0.1,0,0,0,33300,0,0,Mobile Money,Cancelled
ORD00276,3/10/2025,CUST0210,PROD013,9,37000,0.1,333000,33300,299700,27000,243000,56700,Mobile Money,Completed
ORD01831,3/11/2025,CUST0254,PROD011,6,20000,0.1,120000,12000,108000,13400,80400,27600,Card,Pending
ORD00051,3/11/2025,CUST0055,PROD028,5,159200,0.1,796000,79600,716400,112500,562500,153900,Mobile Money,Completed
ORD00217,3/11/2025,CUST0039,PROD023,2,121900,0.1,0,0,0,79500,0,0,Card,Cancelled
ORD02088,3/11/2025,CUST0181,PROD038,2,109100,0.05,218200,10910,207290,68900,137800,69490,Bank Transfer,Completed
ORD00308,3/11/2025,CUST0072,PROD028,1,159200,0.1,159200,15920,143280,112500,112500,30780,Card,Completed
ORD00164,3/11/2025,CUST0166,PROD028,4,159200,0.15,636800,95520,541280,112500,450000,91280,Card,Pending
ORD00616,3/11/2025,CUST0266,PROD033,1,36700,0.05,0,0,0,21900,0,0,Card,Cancelled
ORD01301,3/12/2025,CUST0099,PROD023,1,121900,0.15,121900,18285,103615,79500,79500,24115,Card,Completed
ORD00370,3/12/2025,CUST0287,PROD046,1,29300,0.1,29300,2930,26370,22200,22200,4170,Bank Transfer,Completed
ORD02457,3/12/2025,CUST0091,PROD006,10,17200,0.05,172000,8600,163400,12200,122000,41400,Card,Completed
ORD00799,3/12/2025,CUST0101,PROD021,3,36000,0.15,108000,16200,91800,21600,64800,27000,Card,Completed
ORD01013,3/13/2025,CUST0251,PROD028,1,159200,0.1,159200,15920,143280,112500,112500,30780,Card,Completed
ORD01432,3/13/2025,CUST0230,PROD034,1,427500,0.1,427500,42750,384750,282400,282400,102350,Bank Transfer,Completed
ORD00853,3/13/2025,CUST0288,PROD019,4,197300,0.2,0,0,0,120800,0,0,Card,Cancelled
ORD01679,3/13/2025,CUST0061,PROD059,5,534000,0.05,2670000,133500,2536500,343000,1715000,821500,Card,Completed
ORD01562,3/13/2025,CUST0070,PROD055,10,175400,0.15,1754000,263100,1490900,104000,1040000,450900,Mobile Money,Completed
ORD02000,3/14/2025,CUST0042,PROD027,1,25700,0,25700,0,25700,16400,16400,9300,Cash,Completed
ORD01064,3/15/2025,CUST0180,PROD009,10,9600,0.15,0,0,0,6200,0,0,Card,Cancelled
ORD01041,3/15/2025,CUST0200,PROD031,2,38500,0.15,77000,11550,65450,27800,55600,9850,Mobile Money,Completed
ORD01542,3/16/2025,CUST0013,PROD060,4,341700,0.1,1366800,136680,1230120,223100,892400,337720,Bank Transfer,Completed
ORD01344,3/16/2025,CUST0223,PROD022,3,238700,0.1,716100,71610,644490,134700,404100,240390,Card,Completed
ORD00511,3/16/2025,CUST0063,PROD042,4,9300,0,37200,0,37200,5400,21600,15600,Bank Transfer,Completed
ORD00895,3/16/2025,CUST0167,PROD032,1,439700,0,439700,0,439700,331400,331400,108300,Mobile Money,Pending
ORD00225,3/17/2025,CUST0053,PROD048,4,414500,0,0,0,0,303100,0,0,Mobile Money,Cancelled
ORD02406,3/17/2025,CUST0262,PROD016,2,6400,0,12800,0,12800,4000,8000,4800,Card,Completed
ORD00741,3/17/2025,CUST0106,PROD010,6,41400,0.2,248400,49680,198720,29700,178200,20520,Mobile Money,Pending
ORD01202,3/18/2025,CUST0150,PROD051,2,121500,0,243000,0,243000,92700,185400,57600,Cash,Pending
ORD01821,3/18/2025,CUST0098,PROD013,2,37000,0.1,74000,7400,66600,27000,54000,12600,Cash,Completed
ORD02111,3/18/2025,CUST0009,PROD033,8,36700,0.15,293600,44040,249560,21900,175200,74360,Card,Completed
ORD01073,3/18/2025,CUST0095,PROD030,10,409300,0.1,4093000,409300,3683700,331400,3314000,369700,Bank Transfer,Pending
ORD02024,3/18/2025,CUST0108,PROD001,7,536800,0.1,3757600,375760,3381840,344100,2408700,973140,Card,Completed
ORD00761,3/18/2025,CUST0281,PROD053,10,247900,0.1,2479000,247900,2231100,177100,1771000,460100,Mobile Money,Completed
ORD01052,3/19/2025,CUST0012,PROD045,9,142000,0.1,1278000,127800,1150200,106400,957600,192600,Bank Transfer,Completed
ORD02180,3/19/2025,CUST0007,PROD049,10,4000,0,40000,0,40000,2300,23000,17000,Card,Completed
ORD00840,3/20/2025,CUST0261,PROD002,8,344400,0,2755200,0,2755200,273600,2188800,566400,Mobile Money,Completed
ORD00944,3/20/2025,CUST0269,PROD043,6,188900,0.1,0,0,0,153600,0,0,Card,Cancelled
ORD00541,3/20/2025,CUST0201,PROD011,5,20000,0.25,0,0,0,13400,0,0,Card,Cancelled
ORD02416,3/20/2025,CUST0022,PROD044,4,11500,0.1,46000,4600,41400,6400,25600,15800,Bank Transfer,Completed
ORD02133,3/20/2025,CUST0170,PROD049,7,4000,0.15,28000,4200,23800,2300,16100,7700,Card,Completed
ORD01313,3/21/2025,CUST0109,PROD018,1,29300,0.1,29300,2930,26370,21500,21500,4870,Card,Completed
ORD01619,3/21/2025,CUST0023,PROD038,1,109100,0,109100,0,109100,68900,68900,40200,Card,Completed
ORD01588,3/21/2025,CUST0098,PROD050,1,79700,0.15,79700,11955,67745,49400,49400,18345,Mobile Money,Completed
ORD00070,3/22/2025,CUST0059,PROD031,10,38500,0.15,385000,57750,327250,27800,278000,49250,Bank Transfer,Completed
ORD00608,3/22/2025,CUST0074,PROD005,1,444900,0.1,444900,44490,400410,322200,322200,78210,Bank Transfer,Pending
ORD01081,3/23/2025,CUST0172,PROD048,1,414500,0.05,414500,20725,393775,303100,303100,90675,Bank Transfer,Completed
ORD02044,3/24/2025,CUST0248,PROD041,4,24800,0.15,99200,14880,84320,16200,64800,19520,Card,Completed
ORD00001,3/24/2025,CUST0163,PROD042,6,9300,0.15,0,0,0,5400,0,0,Card,Cancelled
ORD02276,3/24/2025,CUST0036,PROD009,9,9600,0.15,86400,12960,73440,6200,55800,17640,Bank Transfer,Completed
ORD00344,3/24/2025,CUST0214,PROD018,5,29300,0.1,146500,14650,131850,21500,107500,24350,Mobile Money,Completed
ORD00195,3/24/2025,CUST0148,PROD046,9,29300,0.05,263700,13185,250515,22200,199800,50715,Cash,Completed
ORD00894,3/24/2025,CUST0073,PROD046,5,29300,0,146500,0,146500,22200,111000,35500,Mobile Money,Completed
ORD01282,3/25/2025,CUST0039,PROD048,7,414500,0.15,0,0,0,303100,0,0,Cash,Cancelled
ORD02233,3/25/2025,CUST0005,PROD004,8,560000,0.05,4480000,224000,4256000,348100,2784800,1471200,Card,Pending
ORD01637,3/25/2025,CUST0058,PROD012,3,9700,0,29100,0,29100,7500,22500,6600,Card,Completed
ORD00696,3/25/2025,CUST0070,PROD003,9,6900,0.25,62100,15525,46575,5200,46800,-225,Mobile Money,Completed
ORD01947,3/25/2025,CUST0120,PROD015,7,24400,0.15,170800,25620,145180,17600,123200,21980,Mobile Money,Completed
ORD00977,3/25/2025,CUST0064,PROD004,8,560000,0.15,0,0,0,348100,0,0,Card,Cancelled
ORD01918,3/26/2025,CUST0228,PROD054,8,37100,0,0,0,0,25500,0,0,Mobile Money,Cancelled
ORD02295,3/26/2025,CUST0279,PROD026,2,35000,0.05,70000,3500,66500,23500,47000,19500,Card,Completed
ORD01290,3/26/2025,CUST0015,PROD031,1,38500,0.15,38500,5775,32725,27800,27800,4925,Card,Completed
ORD01674,3/26/2025,CUST0287,PROD020,8,27300,0.1,0,0,0,18400,0,0,Mobile Money,Cancelled
ORD01025,3/26/2025,CUST0066,PROD045,9,142000,0.2,0,0,0,106400,0,0,Card,Cancelled
ORD01908,3/27/2025,CUST0081,PROD002,10,344400,0.1,3444000,344400,3099600,273600,2736000,363600,Bank Transfer,Completed
ORD01389,3/27/2025,CUST0155,PROD040,8,273300,0,2186400,0,2186400,185400,1483200,703200,Mobile Money,Completed
ORD01950,3/27/2025,CUST0070,PROD010,6,41400,0.15,0,0,0,29700,0,0,Card,Cancelled
ORD01879,3/27/2025,CUST0267,PROD006,8,17200,0.05,137600,6880,130720,12200,97600,33120,Card,Completed
ORD01365,3/27/2025,CUST0144,PROD002,2,344400,0.15,688800,103320,585480,273600,547200,38280,Card,Completed
ORD02030,3/27/2025,CUST0282,PROD038,5,109100,0.2,545500,109100,436400,68900,344500,91900,Bank Transfer,Pending
ORD00950,3/28/2025,CUST0260,PROD030,9,409300,0,3683700,0,3683700,331400,2982600,701100,Bank Transfer,Completed
ORD01893,3/28/2025,CUST0122,PROD041,2,24800,0.1,49600,4960,44640,16200,32400,12240,Bank Transfer,Pending
ORD01583,3/28/2025,CUST0286,PROD003,6,6900,0.05,41400,2070,39330,5200,31200,8130,Bank Transfer,Pending
ORD00641,3/29/2025,CUST0283,PROD027,2,25700,0.15,51400,7710,43690,16400,32800,10890,Card,Completed
ORD00732,3/29/2025,CUST0107,PROD048,1,414500,0.1,414500,41450,373050,303100,303100,69950,Bank Transfer,Pending
ORD00987,3/29/2025,CUST0230,PROD049,8,4000,0.1,0,0,0,2300,0,0,Card,Cancelled
ORD00869,3/30/2025,CUST0075,PROD054,8,37100,0.15,296800,44520,252280,25500,204000,48280,Cash,Completed
ORD00123,3/30/2025,CUST0119,PROD008,1,284900,0.05,284900,14245,270655,184900,184900,85755,Bank Transfer,Completed
ORD02171,3/30/2025,CUST0016,PROD056,1,58800,0.15,58800,8820,49980,33300,33300,16680,Card,Pending
ORD02484,3/30/2025,CUST0082,PROD028,2,159200,0.1,0,0,0,112500,0,0,Bank Transfer,Cancelled
ORD01408,3/30/2025,CUST0176,PROD025,4,72800,0,291200,0,291200,59600,238400,52800,Card,Pending
ORD01669,3/31/2025,CUST0169,PROD012,9,9700,0.1,87300,8730,78570,7500,67500,11070,Card,Completed
ORD01317,3/31/2025,CUST0008,PROD042,3,9300,0.25,27900,6975,20925,5400,16200,4725,Mobile Money,Completed
ORD01506,3/31/2025,CUST0105,PROD022,1,238700,0.05,238700,11935,226765,134700,134700,92065,Card,Completed
ORD01552,3/31/2025,CUST0182,PROD037,5,107900,0.1,0,0,0,59400,0,0,Mobile Money,Cancelled
ORD00941,3/31/2025,CUST0046,PROD017,2,3200,0.05,6400,320,6080,2300,4600,1480,Bank Transfer,Pending
ORD00089,4/1/2025,CUST0075,PROD026,6,35000,0.1,210000,21000,189000,23500,141000,48000,Mobile Money,Completed
ORD01500,4/1/2025,CUST0132,PROD043,6,188900,0.05,1133400,56670,1076730,153600,921600,155130,Bank Transfer,Completed
ORD00698,4/1/2025,CUST0239,PROD039,3,481400,0.15,1444200,216630,1227570,392300,1176900,50670,Card,Completed
ORD02217,4/1/2025,CUST0043,PROD022,5,238700,0.1,1193500,119350,1074150,134700,673500,400650,Bank Transfer,Completed
ORD01904,4/2/2025,CUST0197,PROD053,9,247900,0.1,2231100,223110,2007990,177100,1593900,414090,Bank Transfer,Completed
ORD01573,4/3/2025,CUST0128,PROD028,2,159200,0,318400,0,318400,112500,225000,93400,Bank Transfer,Pending
ORD01418,4/3/2025,CUST0059,PROD048,6,414500,0.2,2487000,497400,1989600,303100,1818600,171000,Card,Pending
ORD00750,4/4/2025,CUST0195,PROD031,8,38500,0.1,308000,30800,277200,27800,222400,54800,Bank Transfer,Pending
ORD00316,4/5/2025,CUST0139,PROD054,5,37100,0,0,0,0,25500,0,0,Mobile Money,Cancelled
ORD01550,4/5/2025,CUST0079,PROD042,2,9300,0,18600,0,18600,5400,10800,7800,Mobile Money,Completed
ORD01738,4/6/2025,CUST0203,PROD010,7,41400,0.05,289800,14490,275310,29700,207900,67410,Bank Transfer,Completed
ORD00028,4/6/2025,CUST0153,PROD011,2,20000,0.05,40000,2000,38000,13400,26800,11200,Cash,Completed
ORD00312,4/7/2025,CUST0107,PROD056,9,58800,0.05,529200,26460,502740,33300,299700,203040,Card,Completed
ORD00241,4/7/2025,CUST0256,PROD011,6,20000,0.05,120000,6000,114000,13400,80400,33600,Mobile Money,Completed
ORD00088,4/7/2025,CUST0026,PROD045,3,142000,0.1,0,0,0,106400,0,0,Card,Cancelled
ORD00307,4/7/2025,CUST0237,PROD032,3,439700,0.1,1319100,131910,1187190,331400,994200,192990,Mobile Money,Completed
ORD01924,4/8/2025,CUST0253,PROD039,4,481400,0.15,1925600,288840,1636760,392300,1569200,67560,Card,Completed
ORD01186,4/9/2025,CUST0220,PROD002,10,344400,0.05,3444000,172200,3271800,273600,2736000,535800,Card,Pending
ORD02212,4/9/2025,CUST0147,PROD019,7,197300,0.1,1381100,138110,1242990,120800,845600,397390,Bank Transfer,Completed
ORD00801,4/9/2025,CUST0125,PROD005,6,444900,0.15,2669400,400410,2268990,322200,1933200,335790,Bank Transfer,Pending
ORD01471,4/9/2025,CUST0256,PROD011,2,20000,0.1,40000,4000,36000,13400,26800,9200,Card,Completed
ORD00149,4/9/2025,CUST0093,PROD054,3,37100,0.05,111300,5565,105735,25500,76500,29235,Bank Transfer,Pending
ORD01334,4/10/2025,CUST0246,PROD028,7,159200,0.2,0,0,0,112500,0,0,Mobile Money,Cancelled
ORD00304,4/10/2025,CUST0288,PROD050,9,79700,0.1,0,0,0,49400,0,0,Cash,Cancelled
ORD00007,4/10/2025,CUST0291,PROD023,9,121900,0.15,1097100,164565,932535,79500,715500,217035,Card,Completed
ORD00039,4/10/2025,CUST0149,PROD046,3,29300,0.1,87900,8790,79110,22200,66600,12510,Card,Completed
ORD00078,4/11/2025,CUST0166,PROD047,8,22800,0.25,0,0,0,14000,0,0,Mobile Money,Cancelled
ORD00192,4/11/2025,CUST0013,PROD041,1,24800,0.05,24800,1240,23560,16200,16200,7360,Mobile Money,Pending
ORD00891,4/11/2025,CUST0212,PROD042,3,9300,0,27900,0,27900,5400,16200,11700,Bank Transfer,Pending
ORD00081,4/11/2025,CUST0184,PROD049,8,4000,0.1,32000,3200,28800,2300,18400,10400,Bank Transfer,Completed
ORD01984,4/12/2025,CUST0110,PROD020,1,27300,0.1,27300,2730,24570,18400,18400,6170,Bank Transfer,Completed
ORD00640,4/12/2025,CUST0130,PROD018,4,29300,0.1,117200,11720,105480,21500,86000,19480,Card,Completed
ORD00386,4/13/2025,CUST0113,PROD037,6,107900,0,647400,0,647400,59400,356400,291000,Mobile Money,Completed
ORD00833,4/13/2025,CUST0046,PROD021,1,36000,0.15,0,0,0,21600,0,0,Bank Transfer,Cancelled
ORD02413,4/14/2025,CUST0180,PROD013,9,37000,0.05,0,0,0,27000,0,0,Mobile Money,Cancelled
ORD02214,4/15/2025,CUST0141,PROD037,3,107900,0.15,323700,48555,275145,59400,178200,96945,Card,Pending
ORD01377,4/15/2025,CUST0232,PROD047,9,22800,0.2,205200,41040,164160,14000,126000,38160,Card,Pending
ORD01521,4/15/2025,CUST0001,PROD048,5,414500,0.05,2072500,103625,1968875,303100,1515500,453375,Bank Transfer,Pending
ORD01333,4/15/2025,CUST0130,PROD019,4,197300,0.1,789200,78920,710280,120800,483200,227080,Mobile Money,Completed
ORD01768,4/15/2025,CUST0154,PROD048,6,414500,0.1,2487000,248700,2238300,303100,1818600,419700,Card,Completed
ORD00136,4/15/2025,CUST0216,PROD058,1,228300,0.25,228300,57075,171225,139600,139600,31625,Cash,Completed
ORD00522,4/16/2025,CUST0141,PROD054,7,37100,0.1,259700,25970,233730,25500,178500,55230,Mobile Money,Pending
ORD00349,4/17/2025,CUST0058,PROD044,8,11500,0.1,92000,9200,82800,6400,51200,31600,Cash,Completed
ORD01983,4/18/2025,CUST0246,PROD023,5,121900,0.15,609500,91425,518075,79500,397500,120575,Card,Completed
ORD01875,4/18/2025,CUST0093,PROD025,3,72800,0.15,218400,32760,185640,59600,178800,6840,Bank Transfer,Completed
ORD01283,4/18/2025,CUST0287,PROD025,6,72800,0.1,436800,43680,393120,59600,357600,35520,Card,Completed
ORD01753,4/19/2025,CUST0223,PROD021,5,36000,0.05,180000,9000,171000,21600,108000,63000,Bank Transfer,Completed
ORD01056,4/19/2025,CUST0247,PROD059,5,534000,0.15,2670000,400500,2269500,343000,1715000,554500,Bank Transfer,Completed
ORD00433,4/20/2025,CUST0237,PROD039,7,481400,0.1,3369800,336980,3032820,392300,2746100,286720,Card,Pending
ORD00704,4/20/2025,CUST0126,PROD011,6,20000,0.1,0,0,0,13400,0,0,Mobile Money,Cancelled
ORD01162,4/20/2025,CUST0025,PROD057,2,20100,0.2,0,0,0,11700,0,0,Card,Cancelled
ORD00685,4/20/2025,CUST0146,PROD035,7,82200,0.05,575400,28770,546630,54600,382200,164430,Card,Completed
ORD00628,4/20/2025,CUST0272,PROD048,8,414500,0.1,0,0,0,303100,0,0,Cash,Cancelled
ORD00686,4/21/2025,CUST0030,PROD038,4,109100,0.1,0,0,0,68900,0,0,Bank Transfer,Cancelled
ORD01962,4/21/2025,CUST0032,PROD057,10,20100,0,201000,0,201000,11700,117000,84000,Card,Pending
ORD00824,4/21/2025,CUST0149,PROD035,4,82200,0.1,328800,32880,295920,54600,218400,77520,Card,Completed
ORD01857,4/21/2025,CUST0048,PROD019,3,197300,0.05,591900,29595,562305,120800,362400,199905,Mobile Money,Completed
ORD01643,4/22/2025,CUST0023,PROD032,10,439700,0,4397000,0,4397000,331400,3314000,1083000,Card,Completed
ORD01055,4/23/2025,CUST0246,PROD025,6,72800,0.2,0,0,0,59600,0,0,Mobile Money,Cancelled
ORD02368,4/23/2025,CUST0044,PROD013,6,37000,0,222000,0,222000,27000,162000,60000,Mobile Money,Pending
ORD02391,4/24/2025,CUST0205,PROD023,6,121900,0.1,731400,73140,658260,79500,477000,181260,Bank Transfer,Completed
ORD00845,4/24/2025,CUST0206,PROD041,7,24800,0.15,173600,26040,147560,16200,113400,34160,Bank Transfer,Pending
ORD01209,4/24/2025,CUST0085,PROD056,10,58800,0.2,588000,117600,470400,33300,333000,137400,Bank Transfer,Completed
ORD02087,4/24/2025,CUST0042,PROD007,5,25700,0.1,128500,12850,115650,16900,84500,31150,Bank Transfer,Completed
ORD01826,4/24/2025,CUST0234,PROD057,1,20100,0,0,0,0,11700,0,0,Card,Cancelled
ORD02460,4/24/2025,CUST0166,PROD016,1,6400,0.15,6400,960,5440,4000,4000,1440,Card,Completed
ORD02499,4/24/2025,CUST0128,PROD038,9,109100,0.1,981900,98190,883710,68900,620100,263610,Card,Completed
ORD02271,4/25/2025,CUST0017,PROD027,8,25700,0.15,205600,30840,174760,16400,131200,43560,Bank Transfer,Completed
ORD00429,4/25/2025,CUST0203,PROD050,10,79700,0.2,0,0,0,49400,0,0,Card,Cancelled
ORD02020,4/25/2025,CUST0186,PROD006,7,17200,0.2,120400,24080,96320,12200,85400,10920,Card,Completed
ORD02379,4/26/2025,CUST0145,PROD009,2,9600,0.2,19200,3840,15360,6200,12400,2960,Card,Pending
ORD00056,4/26/2025,CUST0133,PROD038,4,109100,0.05,436400,21820,414580,68900,275600,138980,Bank Transfer,Completed
ORD00843,4/26/2025,CUST0104,PROD026,7,35000,0,245000,0,245000,23500,164500,80500,Bank Transfer,Completed
ORD00118,4/27/2025,CUST0207,PROD038,7,109100,0.1,763700,76370,687330,68900,482300,205030,Card,Completed
ORD00207,4/27/2025,CUST0295,PROD054,2,37100,0.2,74200,14840,59360,25500,51000,8360,Bank Transfer,Completed
ORD01133,4/27/2025,CUST0012,PROD053,6,247900,0.2,0,0,0,177100,0,0,Bank Transfer,Cancelled
ORD01899,4/27/2025,CUST0106,PROD046,3,29300,0.05,87900,4395,83505,22200,66600,16905,Card,Completed
ORD00346,4/27/2025,CUST0177,PROD002,3,344400,0.05,1033200,51660,981540,273600,820800,160740,Bank Transfer,Completed
ORD02012,4/27/2025,CUST0112,PROD025,5,72800,0.05,364000,18200,345800,59600,298000,47800,Bank Transfer,Pending
ORD00728,4/27/2025,CUST0273,PROD058,2,228300,0.1,456600,45660,410940,139600,279200,131740,Card,Completed
ORD00052,4/27/2025,CUST0182,PROD039,4,481400,0.1,1925600,192560,1733040,392300,1569200,163840,Bank Transfer,Completed
ORD01316,4/28/2025,CUST0105,PROD045,7,142000,0.1,994000,99400,894600,106400,744800,149800,Mobile Money,Completed
ORD01495,4/28/2025,CUST0122,PROD035,10,82200,0,822000,0,822000,54600,546000,276000,Bank Transfer,Completed
ORD00631,4/29/2025,CUST0018,PROD038,1,109100,0.2,0,0,0,68900,0,0,Card,Cancelled
ORD00114,4/29/2025,CUST0239,PROD038,2,109100,0.05,218200,10910,207290,68900,137800,69490,Card,Completed
ORD02234,4/29/2025,CUST0120,PROD013,1,37000,0.15,37000,5550,31450,27000,27000,4450,Mobile Money,Completed
ORD02396,4/29/2025,CUST0152,PROD010,6,41400,0.05,248400,12420,235980,29700,178200,57780,Mobile Money,Completed
ORD00966,4/29/2025,CUST0273,PROD054,5,37100,0.05,185500,9275,176225,25500,127500,48725,Bank Transfer,Completed
ORD02412,4/29/2025,CUST0077,PROD050,1,79700,0.2,0,0,0,49400,0,0,Card,Cancelled
ORD01088,4/29/2025,CUST0144,PROD015,4,24400,0.05,97600,4880,92720,17600,70400,22320,Card,Completed
ORD00649,4/30/2025,CUST0254,PROD058,10,228300,0.1,0,0,0,139600,0,0,Bank Transfer,Cancelled
ORD00689,4/30/2025,CUST0034,PROD056,5,58800,0,0,0,0,33300,0,0,Mobile Money,Cancelled
ORD01066,4/30/2025,CUST0274,PROD035,3,82200,0.25,246600,61650,184950,54600,163800,21150,Bank Transfer,Completed
ORD01161,5/1/2025,CUST0197,PROD009,1,9600,0.05,9600,480,9120,6200,6200,2920,Card,Completed
ORD01883,5/2/2025,CUST0014,PROD011,6,20000,0.1,0,0,0,13400,0,0,Bank Transfer,Cancelled
ORD01431,5/2/2025,CUST0219,PROD040,1,273300,0.1,0,0,0,185400,0,0,Bank Transfer,Cancelled
ORD00269,5/2/2025,CUST0269,PROD015,3,24400,0.05,73200,3660,69540,17600,52800,16740,Cash,Completed
ORD01232,5/2/2025,CUST0287,PROD034,4,427500,0.1,1710000,171000,1539000,282400,1129600,409400,Bank Transfer,Completed
ORD00255,5/2/2025,CUST0045,PROD016,8,6400,0.15,0,0,0,4000,0,0,Mobile Money,Cancelled
ORD01513,5/3/2025,CUST0214,PROD059,7,534000,0.2,3738000,747600,2990400,343000,2401000,589400,Mobile Money,Completed
ORD01840,5/3/2025,CUST0100,PROD044,4,11500,0.1,46000,4600,41400,6400,25600,15800,Mobile Money,Completed
ORD01110,5/3/2025,CUST0077,PROD051,7,121500,0.1,0,0,0,92700,0,0,Card,Cancelled
ORD01943,5/3/2025,CUST0242,PROD025,3,72800,0.1,0,0,0,59600,0,0,Bank Transfer,Cancelled
ORD01567,5/3/2025,CUST0009,PROD048,5,414500,0.15,2072500,310875,1761625,303100,1515500,246125,Card,Completed
ORD00547,5/4/2025,CUST0286,PROD036,7,247600,0.05,1733200,86660,1646540,191100,1337700,308840,Cash,Completed
ORD02411,5/4/2025,CUST0249,PROD048,5,414500,0,2072500,0,2072500,303100,1515500,557000,Mobile Money,Completed
ORD02120,5/4/2025,CUST0207,PROD055,5,175400,0.1,877000,87700,789300,104000,520000,269300,Card,Completed
ORD00017,5/4/2025,CUST0197,PROD009,9,9600,0.05,86400,4320,82080,6200,55800,26280,Bank Transfer,Completed
ORD00348,5/5/2025,CUST0164,PROD036,10,247600,0.15,2476000,371400,2104600,191100,1911000,193600,Bank Transfer,Pending
ORD00224,5/5/2025,CUST0220,PROD024,7,148600,0.1,1040200,104020,936180,96300,674100,262080,Bank Transfer,Pending
ORD01556,5/5/2025,CUST0071,PROD032,5,439700,0.05,2198500,109925,2088575,331400,1657000,431575,Bank Transfer,Completed
ORD00875,5/6/2025,CUST0020,PROD005,7,444900,0,0,0,0,322200,0,0,Mobile Money,Cancelled
ORD00527,5/6/2025,CUST0208,PROD026,2,35000,0,70000,0,70000,23500,47000,23000,Card,Completed
ORD01609,5/6/2025,CUST0054,PROD029,3,183600,0.1,550800,55080,495720,105400,316200,179520,Card,Completed
ORD01539,5/6/2025,CUST0087,PROD029,5,183600,0.05,918000,45900,872100,105400,527000,345100,Cash,Completed
ORD02081,5/7/2025,CUST0226,PROD002,4,344400,0.2,1377600,275520,1102080,273600,1094400,7680,Mobile Money,Completed
ORD01599,5/7/2025,CUST0056,PROD048,10,414500,0.1,0,0,0,303100,0,0,Mobile Money,Cancelled
ORD00142,5/7/2025,CUST0296,PROD048,9,414500,0.1,3730500,373050,3357450,303100,2727900,629550,Card,Completed
ORD00929,5/8/2025,CUST0275,PROD035,2,82200,0,164400,0,164400,54600,109200,55200,Card,Completed
ORD00096,5/8/2025,CUST0209,PROD059,10,534000,0.2,5340000,1068000,4272000,343000,3430000,842000,Card,Pending
ORD02119,5/8/2025,CUST0255,PROD031,10,38500,0.15,385000,57750,327250,27800,278000,49250,Card,Pending
ORD01751,5/8/2025,CUST0014,PROD054,8,37100,0.1,296800,29680,267120,25500,204000,63120,Bank Transfer,Pending
ORD00564,5/8/2025,CUST0146,PROD009,4,9600,0.05,38400,1920,36480,6200,24800,11680,Card,Completed
ORD00831,5/8/2025,CUST0142,PROD052,4,392100,0.2,0,0,0,307200,0,0,Card,Cancelled
ORD01204,5/8/2025,CUST0028,PROD006,7,17200,0.15,120400,18060,102340,12200,85400,16940,Bank Transfer,Pending
ORD02004,5/9/2025,CUST0279,PROD037,1,107900,0.15,107900,16185,91715,59400,59400,32315,Cash,Completed
ORD01645,5/9/2025,CUST0027,PROD058,1,228300,0.25,228300,57075,171225,139600,139600,31625,Cash,Pending
ORD02226,5/9/2025,CUST0092,PROD043,6,188900,0,0,0,0,153600,0,0,Card,Cancelled
ORD01404,5/10/2025,CUST0166,PROD053,10,247900,0.05,2479000,123950,2355050,177100,1771000,584050,Card,Pending
ORD01807,5/10/2025,CUST0212,PROD023,8,121900,0.2,975200,195040,780160,79500,636000,144160,Card,Pending
ORD00284,5/11/2025,CUST0171,PROD050,10,79700,0.05,797000,39850,757150,49400,494000,263150,Mobile Money,Completed
ORD00150,5/11/2025,CUST0056,PROD016,9,6400,0.2,0,0,0,4000,0,0,Card,Cancelled
ORD01121,5/11/2025,CUST0195,PROD055,3,175400,0.2,526200,105240,420960,104000,312000,108960,Card,Completed
ORD01128,5/13/2025,CUST0001,PROD035,10,82200,0,822000,0,822000,54600,546000,276000,Cash,Completed
ORD02321,5/13/2025,CUST0072,PROD004,10,560000,0.15,5600000,840000,4760000,348100,3481000,1279000,Card,Pending
ORD01185,5/13/2025,CUST0076,PROD002,3,344400,0.1,1033200,103320,929880,273600,820800,109080,Card,Completed
ORD02246,5/13/2025,CUST0040,PROD028,9,159200,0.1,1432800,143280,1289520,112500,1012500,277020,Card,Completed
ORD02278,5/13/2025,CUST0158,PROD049,4,4000,0.1,16000,1600,14400,2300,9200,5200,Bank Transfer,Completed
ORD00221,5/13/2025,CUST0187,PROD037,7,107900,0.1,755300,75530,679770,59400,415800,263970,Mobile Money,Pending
ORD01683,5/13/2025,CUST0006,PROD046,3,29300,0.05,87900,4395,83505,22200,66600,16905,Bank Transfer,Completed
ORD00404,5/14/2025,CUST0158,PROD017,9,3200,0.1,0,0,0,2300,0,0,Bank Transfer,Cancelled
ORD00452,5/14/2025,CUST0223,PROD013,10,37000,0.1,370000,37000,333000,27000,270000,63000,Cash,Completed
ORD02393,5/14/2025,CUST0277,PROD010,8,41400,0.15,0,0,0,29700,0,0,Mobile Money,Cancelled
ORD01104,5/14/2025,CUST0266,PROD022,10,238700,0.2,2387000,477400,1909600,134700,1347000,562600,Bank Transfer,Completed
ORD01923,5/14/2025,CUST0292,PROD055,4,175400,0.1,701600,70160,631440,104000,416000,215440,Card,Completed
ORD00359,5/14/2025,CUST0252,PROD060,2,341700,0.15,683400,102510,580890,223100,446200,134690,Card,Pending
ORD00768,5/15/2025,CUST0246,PROD023,1,121900,0.1,0,0,0,79500,0,0,Mobile Money,Cancelled
ORD01484,5/15/2025,CUST0014,PROD014,7,249000,0.15,1743000,261450,1481550,141700,991900,489650,Mobile Money,Completed
ORD01475,5/16/2025,CUST0001,PROD049,2,4000,0.1,8000,800,7200,2300,4600,2600,Cash,Completed
ORD01398,5/16/2025,CUST0174,PROD056,8,58800,0.1,470400,47040,423360,33300,266400,156960,Card,Completed
ORD02104,5/17/2025,CUST0010,PROD004,9,560000,0.15,5040000,756000,4284000,348100,3132900,1151100,Mobile Money,Completed
ORD00623,5/18/2025,CUST0064,PROD016,5,6400,0.05,32000,1600,30400,4000,20000,10400,Bank Transfer,Completed
ORD01505,5/18/2025,CUST0016,PROD007,10,25700,0.15,0,0,0,16900,0,0,Mobile Money,Cancelled
ORD01812,5/18/2025,CUST0108,PROD024,9,148600,0.1,1337400,133740,1203660,96300,866700,336960,Mobile Money,Completed
ORD02483,5/18/2025,CUST0300,PROD009,4,9600,0.25,0,0,0,6200,0,0,Card,Cancelled
ORD02114,5/18/2025,CUST0063,PROD036,9,247600,0,2228400,0,2228400,191100,1719900,508500,Card,Completed
ORD02381,5/18/2025,CUST0269,PROD037,7,107900,0.1,0,0,0,59400,0,0,Mobile Money,Cancelled
ORD01010,5/19/2025,CUST0156,PROD025,4,72800,0.15,291200,43680,247520,59600,238400,9120,Bank Transfer,Completed
ORD00451,5/19/2025,CUST0103,PROD038,8,109100,0.15,872800,130920,741880,68900,551200,190680,Cash,Completed
ORD01752,5/19/2025,CUST0157,PROD012,5,9700,0.1,48500,4850,43650,7500,37500,6150,Bank Transfer,Pending
ORD02445,5/19/2025,CUST0031,PROD004,5,560000,0.05,0,0,0,348100,0,0,Mobile Money,Cancelled
ORD01829,5/19/2025,CUST0205,PROD039,9,481400,0.2,4332600,866520,3466080,392300,3530700,-64620,Bank Transfer,Completed
ORD00865,5/19/2025,CUST0247,PROD039,9,481400,0.1,4332600,433260,3899340,392300,3530700,368640,Bank Transfer,Completed
ORD02317,5/19/2025,CUST0220,PROD039,7,481400,0,3369800,0,3369800,392300,2746100,623700,Card,Completed
ORD00200,5/19/2025,CUST0201,PROD027,3,25700,0.15,77100,11565,65535,16400,49200,16335,Card,Completed
ORD00672,5/20/2025,CUST0228,PROD053,1,247900,0.15,0,0,0,177100,0,0,Cash,Cancelled
ORD02365,5/21/2025,CUST0198,PROD010,10,41400,0.2,0,0,0,29700,0,0,Card,Cancelled
ORD02065,5/21/2025,CUST0189,PROD045,5,142000,0.05,0,0,0,106400,0,0,Mobile Money,Cancelled
ORD01546,5/21/2025,CUST0229,PROD040,4,273300,0.1,1093200,109320,983880,185400,741600,242280,Bank Transfer,Completed
ORD00773,5/21/2025,CUST0242,PROD027,8,25700,0,205600,0,205600,16400,131200,74400,Card,Completed
ORD00627,5/22/2025,CUST0054,PROD026,10,35000,0,350000,0,350000,23500,235000,115000,Bank Transfer,Pending
ORD00796,5/22/2025,CUST0285,PROD030,2,409300,0.05,818600,40930,777670,331400,662800,114870,Mobile Money,Completed
ORD02027,5/22/2025,CUST0077,PROD036,8,247600,0.25,1980800,495200,1485600,191100,1528800,-43200,Cash,Completed
ORD01287,5/22/2025,CUST0274,PROD005,1,444900,0.25,444900,111225,333675,322200,322200,11475,Cash,Completed
ORD02123,5/23/2025,CUST0076,PROD024,10,148600,0.2,0,0,0,96300,0,0,Card,Cancelled
ORD01137,5/23/2025,CUST0171,PROD028,7,159200,0.05,1114400,55720,1058680,112500,787500,271180,Card,Completed
ORD02267,5/23/2025,CUST0063,PROD056,5,58800,0.1,294000,29400,264600,33300,166500,98100,Card,Pending
ORD01777,5/23/2025,CUST0177,PROD046,10,29300,0.2,293000,58600,234400,22200,222000,12400,Card,Pending
ORD01851,5/23/2025,CUST0180,PROD024,2,148600,0.05,0,0,0,96300,0,0,Mobile Money,Cancelled
ORD00157,5/24/2025,CUST0013,PROD007,7,25700,0.2,179900,35980,143920,16900,118300,25620,Mobile Money,Completed
ORD00126,5/24/2025,CUST0064,PROD007,6,25700,0.1,0,0,0,16900,0,0,Bank Transfer,Cancelled
ORD01794,5/25/2025,CUST0200,PROD033,3,36700,0.15,110100,16515,93585,21900,65700,27885,Mobile Money,Pending
ORD01195,5/25/2025,CUST0099,PROD014,9,249000,0,0,0,0,141700,0,0,Cash,Cancelled
ORD01661,5/26/2025,CUST0208,PROD026,10,35000,0.05,0,0,0,23500,0,0,Card,Cancelled
ORD02149,5/26/2025,CUST0051,PROD052,4,392100,0,1568400,0,1568400,307200,1228800,339600,Card,Completed
ORD00990,5/28/2025,CUST0236,PROD016,7,6400,0.15,44800,6720,38080,4000,28000,10080,Bank Transfer,Completed
ORD00815,5/28/2025,CUST0096,PROD060,4,341700,0.05,1366800,68340,1298460,223100,892400,406060,Card,Completed
ORD01994,5/28/2025,CUST0218,PROD036,3,247600,0.15,0,0,0,191100,0,0,Cash,Cancelled
ORD01911,5/28/2025,CUST0267,PROD005,4,444900,0,0,0,0,322200,0,0,Mobile Money,Cancelled
ORD00569,5/28/2025,CUST0212,PROD019,3,197300,0,0,0,0,120800,0,0,Cash,Cancelled
ORD02436,5/28/2025,CUST0005,PROD034,7,427500,0.15,2992500,448875,2543625,282400,1976800,566825,Bank Transfer,Completed
ORD01789,5/29/2025,CUST0049,PROD042,8,9300,0.1,74400,7440,66960,5400,43200,23760,Card,Completed
ORD01865,5/29/2025,CUST0069,PROD004,1,560000,0.05,560000,28000,532000,348100,348100,183900,Bank Transfer,Completed
ORD00343,5/29/2025,CUST0068,PROD041,3,24800,0.15,74400,11160,63240,16200,48600,14640,Card,Pending
ORD00399,5/29/2025,CUST0183,PROD058,9,228300,0.15,2054700,308205,1746495,139600,1256400,490095,Card,Completed
ORD00323,5/29/2025,CUST0102,PROD019,2,197300,0,394600,0,394600,120800,241600,153000,Cash,Completed
ORD01523,5/30/2025,CUST0132,PROD040,10,273300,0.2,2733000,546600,2186400,185400,1854000,332400,Cash,Completed
ORD00740,5/30/2025,CUST0181,PROD016,8,6400,0.2,0,0,0,4000,0,0,Cash,Cancelled
ORD00396,5/30/2025,CUST0132,PROD035,7,82200,0.2,0,0,0,54600,0,0,Bank Transfer,Cancelled
ORD02475,5/31/2025,CUST0166,PROD036,8,247600,0.25,0,0,0,191100,0,0,Cash,Cancelled
ORD01146,5/31/2025,CUST0092,PROD048,3,414500,0.15,1243500,186525,1056975,303100,909300,147675,Cash,Completed
ORD00568,5/31/2025,CUST0202,PROD025,4,72800,0,291200,0,291200,59600,238400,52800,Mobile Money,Pending
ORD01935,5/31/2025,CUST0294,PROD016,1,6400,0,6400,0,6400,4000,4000,2400,Mobile Money,Completed
ORD00080,5/31/2025,CUST0156,PROD048,1,414500,0.1,414500,41450,373050,303100,303100,69950,Card,Completed
ORD01163,5/31/2025,CUST0148,PROD051,7,121500,0,850500,0,850500,92700,648900,201600,Card,Pending
ORD01976,6/1/2025,CUST0258,PROD029,9,183600,0.1,1652400,165240,1487160,105400,948600,538560,Mobile Money,Completed
ORD01595,6/1/2025,CUST0294,PROD046,3,29300,0.15,87900,13185,74715,22200,66600,8115,Bank Transfer,Completed
ORD02342,6/1/2025,CUST0166,PROD015,4,24400,0,97600,0,97600,17600,70400,27200,Mobile Money,Pending
ORD00515,6/2/2025,CUST0122,PROD043,2,188900,0.15,377800,56670,321130,153600,307200,13930,Bank Transfer,Completed
ORD01915,6/2/2025,CUST0250,PROD052,1,392100,0.25,392100,98025,294075,307200,307200,-13125,Card,Pending
ORD00119,6/2/2025,CUST0095,PROD046,9,29300,0.1,0,0,0,22200,0,0,Bank Transfer,Cancelled
ORD01488,6/2/2025,CUST0094,PROD001,4,536800,0.15,2147200,322080,1825120,344100,1376400,448720,Mobile Money,Completed
ORD00652,6/3/2025,CUST0063,PROD022,3,238700,0.05,716100,35805,680295,134700,404100,276195,Mobile Money,Completed
ORD00951,6/3/2025,CUST0075,PROD019,4,197300,0.05,0,0,0,120800,0,0,Cash,Cancelled
ORD01144,6/3/2025,CUST0284,PROD015,5,24400,0.05,0,0,0,17600,0,0,Bank Transfer,Cancelled
ORD01597,6/3/2025,CUST0110,PROD042,4,9300,0.1,37200,3720,33480,5400,21600,11880,Card,Completed
ORD02421,6/3/2025,CUST0084,PROD050,5,79700,0.15,398500,59775,338725,49400,247000,91725,Card,Pending
ORD00229,6/3/2025,CUST0246,PROD017,4,3200,0.1,12800,1280,11520,2300,9200,2320,Bank Transfer,Completed
ORD01639,6/3/2025,CUST0211,PROD025,2,72800,0.15,145600,21840,123760,59600,119200,4560,Card,Pending
ORD01824,6/4/2025,CUST0149,PROD039,9,481400,0,4332600,0,4332600,392300,3530700,801900,Card,Completed
ORD00264,6/5/2025,CUST0279,PROD015,10,24400,0.05,244000,12200,231800,17600,176000,55800,Card,Completed
ORD01607,6/6/2025,CUST0016,PROD049,8,4000,0.2,32000,6400,25600,2300,18400,7200,Card,Completed
ORD01388,6/6/2025,CUST0007,PROD033,2,36700,0,73400,0,73400,21900,43800,29600,Bank Transfer,Completed
ORD00263,6/6/2025,CUST0109,PROD016,9,6400,0.05,57600,2880,54720,4000,36000,18720,Mobile Money,Completed
ORD01167,6/7/2025,CUST0076,PROD058,5,228300,0.1,1141500,114150,1027350,139600,698000,329350,Card,Completed
ORD00661,6/7/2025,CUST0175,PROD051,2,121500,0.05,243000,12150,230850,92700,185400,45450,Bank Transfer,Completed
ORD01439,6/8/2025,CUST0063,PROD046,3,29300,0.15,87900,13185,74715,22200,66600,8115,Card,Completed
ORD01450,6/8/2025,CUST0270,PROD021,8,36000,0.1,288000,28800,259200,21600,172800,86400,Bank Transfer,Pending
ORD01897,6/8/2025,CUST0268,PROD017,4,3200,0.25,12800,3200,9600,2300,9200,400,Card,Pending
ORD00398,6/9/2025,CUST0176,PROD017,2,3200,0.1,6400,640,5760,2300,4600,1160,Card,Completed
ORD00122,6/9/2025,CUST0231,PROD008,4,284900,0.25,1139600,284900,854700,184900,739600,115100,Card,Completed
ORD00032,6/9/2025,CUST0139,PROD011,8,20000,0.05,160000,8000,152000,13400,107200,44800,Mobile Money,Completed
ORD01958,6/9/2025,CUST0283,PROD005,1,444900,0.05,444900,22245,422655,322200,322200,100455,Mobile Money,Completed
ORD00857,6/10/2025,CUST0133,PROD057,10,20100,0.1,201000,20100,180900,11700,117000,63900,Card,Pending
ORD01811,6/11/2025,CUST0002,PROD039,5,481400,0.25,2407000,601750,1805250,392300,1961500,-156250,Card,Completed
ORD01272,6/11/2025,CUST0129,PROD039,1,481400,0.05,481400,24070,457330,392300,392300,65030,Cash,Completed
ORD01414,6/11/2025,CUST0276,PROD034,5,427500,0.1,2137500,213750,1923750,282400,1412000,511750,Card,Completed
ORD01491,6/11/2025,CUST0245,PROD004,3,560000,0.05,1680000,84000,1596000,348100,1044300,551700,Bank Transfer,Completed
ORD02100,6/11/2025,CUST0261,PROD020,7,27300,0.2,191100,38220,152880,18400,128800,24080,Mobile Money,Pending
ORD02420,6/11/2025,CUST0069,PROD005,2,444900,0.1,889800,88980,800820,322200,644400,156420,Cash,Completed
ORD01536,6/12/2025,CUST0188,PROD002,2,344400,0.1,0,0,0,273600,0,0,Bank Transfer,Cancelled
ORD00922,6/12/2025,CUST0207,PROD007,9,25700,0.25,231300,57825,173475,16900,152100,21375,Mobile Money,Completed
ORD00562,6/12/2025,CUST0288,PROD057,1,20100,0.15,20100,3015,17085,11700,11700,5385,Bank Transfer,Completed
ORD01169,6/12/2025,CUST0111,PROD033,3,36700,0.15,110100,16515,93585,21900,65700,27885,Bank Transfer,Completed
ORD02301,6/12/2025,CUST0271,PROD016,5,6400,0.2,32000,6400,25600,4000,20000,5600,Mobile Money,Pending
ORD02146,6/13/2025,CUST0239,PROD029,3,183600,0,550800,0,550800,105400,316200,234600,Bank Transfer,Completed
ORD00286,6/13/2025,CUST0149,PROD007,1,25700,0.1,0,0,0,16900,0,0,Bank Transfer,Cancelled
ORD02354,6/15/2025,CUST0298,PROD014,5,249000,0.15,1245000,186750,1058250,141700,708500,349750,Mobile Money,Pending
ORD00068,6/15/2025,CUST0142,PROD060,5,341700,0.15,1708500,256275,1452225,223100,1115500,336725,Bank Transfer,Completed
ORD00592,6/15/2025,CUST0251,PROD033,7,36700,0,0,0,0,21900,0,0,Card,Cancelled
ORD00744,6/16/2025,CUST0280,PROD051,8,121500,0.2,972000,194400,777600,92700,741600,36000,Mobile Money,Pending
ORD01435,6/16/2025,CUST0041,PROD044,10,11500,0.15,0,0,0,6400,0,0,Card,Cancelled
ORD00512,6/16/2025,CUST0239,PROD044,2,11500,0.05,0,0,0,6400,0,0,Bank Transfer,Cancelled
ORD01302,6/16/2025,CUST0069,PROD007,7,25700,0.05,179900,8995,170905,16900,118300,52605,Mobile Money,Completed
ORD01124,6/16/2025,CUST0102,PROD054,1,37100,0,0,0,0,25500,0,0,Bank Transfer,Cancelled
ORD01393,6/16/2025,CUST0006,PROD008,1,284900,0.05,284900,14245,270655,184900,184900,85755,Bank Transfer,Pending
ORD00863,6/16/2025,CUST0089,PROD034,6,427500,0.2,2565000,513000,2052000,282400,1694400,357600,Card,Completed
ORD00666,6/16/2025,CUST0071,PROD050,1,79700,0.05,0,0,0,49400,0,0,Card,Cancelled
ORD00303,6/17/2025,CUST0265,PROD020,7,27300,0.1,191100,19110,171990,18400,128800,43190,Cash,Pending
ORD02341,6/17/2025,CUST0279,PROD016,4,6400,0.1,25600,2560,23040,4000,16000,7040,Bank Transfer,Completed
ORD02469,6/17/2025,CUST0289,PROD025,2,72800,0.1,145600,14560,131040,59600,119200,11840,Bank Transfer,Completed
ORD01255,6/18/2025,CUST0225,PROD036,4,247600,0.1,990400,99040,891360,191100,764400,126960,Card,Completed
ORD02183,6/18/2025,CUST0068,PROD020,9,27300,0,245700,0,245700,18400,165600,80100,Bank Transfer,Completed
ORD00383,6/19/2025,CUST0005,PROD041,10,24800,0.15,248000,37200,210800,16200,162000,48800,Card,Completed
ORD00405,6/19/2025,CUST0149,PROD005,4,444900,0.25,1779600,444900,1334700,322200,1288800,45900,Mobile Money,Pending
ORD01461,6/19/2025,CUST0027,PROD020,5,27300,0.15,136500,20475,116025,18400,92000,24025,Card,Pending
ORD01763,6/19/2025,CUST0247,PROD016,9,6400,0,57600,0,57600,4000,36000,21600,Card,Completed
ORD01764,6/19/2025,CUST0019,PROD008,6,284900,0.1,0,0,0,184900,0,0,Bank Transfer,Cancelled
ORD01387,6/19/2025,CUST0173,PROD052,4,392100,0.15,1568400,235260,1333140,307200,1228800,104340,Card,Completed
ORD02303,6/20/2025,CUST0214,PROD012,9,9700,0.1,87300,8730,78570,7500,67500,11070,Card,Completed
ORD00676,6/20/2025,CUST0064,PROD015,4,24400,0.15,97600,14640,82960,17600,70400,12560,Cash,Completed
ORD00058,6/20/2025,CUST0182,PROD003,10,6900,0.15,69000,10350,58650,5200,52000,6650,Bank Transfer,Pending
ORD00042,6/20/2025,CUST0246,PROD036,5,247600,0.15,0,0,0,191100,0,0,Card,Cancelled
ORD01801,6/20/2025,CUST0154,PROD035,6,82200,0.1,493200,49320,443880,54600,327600,116280,Cash,Completed
ORD01533,6/23/2025,CUST0106,PROD024,3,148600,0.15,445800,66870,378930,96300,288900,90030,Card,Completed
ORD02253,6/23/2025,CUST0184,PROD021,5,36000,0.15,180000,27000,153000,21600,108000,45000,Mobile Money,Completed
ORD00871,6/23/2025,CUST0054,PROD060,1,341700,0,341700,0,341700,223100,223100,118600,Card,Pending
ORD00985,6/23/2025,CUST0169,PROD026,1,35000,0.1,0,0,0,23500,0,0,Card,Cancelled
ORD00222,6/23/2025,CUST0191,PROD020,1,27300,0.2,27300,5460,21840,18400,18400,3440,Card,Completed
ORD01430,6/23/2025,CUST0001,PROD028,7,159200,0,1114400,0,1114400,112500,787500,326900,Bank Transfer,Completed
ORD01400,6/23/2025,CUST0026,PROD035,6,82200,0,493200,0,493200,54600,327600,165600,Card,Completed
ORD02465,6/23/2025,CUST0072,PROD007,9,25700,0,231300,0,231300,16900,152100,79200,Bank Transfer,Pending
ORD01462,6/24/2025,CUST0271,PROD057,8,20100,0,160800,0,160800,11700,93600,67200,Card,Completed
ORD02307,6/24/2025,CUST0148,PROD038,6,109100,0.05,0,0,0,68900,0,0,Bank Transfer,Cancelled
ORD02400,6/24/2025,CUST0291,PROD050,8,79700,0.05,637600,31880,605720,49400,395200,210520,Card,Completed
ORD00305,6/24/2025,CUST0271,PROD053,10,247900,0.05,2479000,123950,2355050,177100,1771000,584050,Card,Completed
ORD01799,6/25/2025,CUST0233,PROD009,8,9600,0.25,0,0,0,6200,0,0,Card,Cancelled
ORD01087,6/25/2025,CUST0251,PROD012,2,9700,0.2,19400,3880,15520,7500,15000,520,Mobile Money,Pending
ORD02332,6/25/2025,CUST0158,PROD034,6,427500,0.1,2565000,256500,2308500,282400,1694400,614100,Card,Completed
ORD01234,6/25/2025,CUST0090,PROD022,6,238700,0.1,0,0,0,134700,0,0,Card,Cancelled
ORD00418,6/25/2025,CUST0018,PROD014,1,249000,0.15,249000,37350,211650,141700,141700,69950,Mobile Money,Completed
ORD00772,6/25/2025,CUST0185,PROD021,7,36000,0.05,252000,12600,239400,21600,151200,88200,Mobile Money,Completed
ORD00067,6/26/2025,CUST0093,PROD034,10,427500,0.1,4275000,427500,3847500,282400,2824000,1023500,Mobile Money,Pending
ORD00485,6/26/2025,CUST0239,PROD003,9,6900,0,62100,0,62100,5200,46800,15300,Card,Completed
ORD01877,6/27/2025,CUST0154,PROD001,4,536800,0.05,2147200,107360,2039840,344100,1376400,663440,Bank Transfer,Completed
ORD01312,6/27/2025,CUST0260,PROD051,1,121500,0.1,121500,12150,109350,92700,92700,16650,Card,Completed
ORD00280,6/27/2025,CUST0221,PROD034,8,427500,0.05,0,0,0,282400,0,0,Card,Cancelled
ORD02191,6/27/2025,CUST0010,PROD009,3,9600,0.2,0,0,0,6200,0,0,Card,Cancelled
ORD00659,6/27/2025,CUST0284,PROD014,8,249000,0.05,0,0,0,141700,0,0,Bank Transfer,Cancelled
ORD00712,6/29/2025,CUST0137,PROD029,6,183600,0.25,0,0,0,105400,0,0,Cash,Cancelled
ORD01682,6/29/2025,CUST0224,PROD054,2,37100,0.1,0,0,0,25500,0,0,Card,Cancelled
ORD00159,6/29/2025,CUST0101,PROD041,9,24800,0.1,223200,22320,200880,16200,145800,55080,Mobile Money,Completed
ORD01222,6/30/2025,CUST0103,PROD044,9,11500,0.05,0,0,0,6400,0,0,Bank Transfer,Cancelled
ORD02204,6/30/2025,CUST0069,PROD007,3,25700,0.1,77100,7710,69390,16900,50700,18690,Mobile Money,Completed
ORD01251,6/30/2025,CUST0075,PROD053,7,247900,0.2,1735300,347060,1388240,177100,1239700,148540,Bank Transfer,Pending
ORD00770,6/30/2025,CUST0237,PROD057,4,20100,0.05,0,0,0,11700,0,0,Mobile Money,Cancelled
ORD00463,6/30/2025,CUST0111,PROD044,2,11500,0.05,23000,1150,21850,6400,12800,9050,Bank Transfer,Completed
ORD00488,7/1/2025,CUST0283,PROD025,1,72800,0,72800,0,72800,59600,59600,13200,Mobile Money,Completed
ORD02194,7/1/2025,CUST0193,PROD018,5,29300,0.2,0,0,0,21500,0,0,Cash,Cancelled
ORD01659,7/1/2025,CUST0294,PROD025,5,72800,0.15,0,0,0,59600,0,0,Card,Cancelled
ORD01240,7/2/2025,CUST0101,PROD028,6,159200,0.1,955200,95520,859680,112500,675000,184680,Bank Transfer,Completed
ORD00920,7/2/2025,CUST0039,PROD049,8,4000,0.1,32000,3200,28800,2300,18400,10400,Bank Transfer,Completed
ORD02143,7/2/2025,CUST0049,PROD039,5,481400,0.05,2407000,120350,2286650,392300,1961500,325150,Bank Transfer,Completed
ORD01091,7/2/2025,CUST0220,PROD037,9,107900,0,971100,0,971100,59400,534600,436500,Card,Pending
ORD01242,7/2/2025,CUST0117,PROD018,2,29300,0.1,58600,5860,52740,21500,43000,9740,Bank Transfer,Completed
ORD02129,7/2/2025,CUST0218,PROD016,9,6400,0.1,0,0,0,4000,0,0,Card,Cancelled
ORD02492,7/3/2025,CUST0169,PROD054,7,37100,0.05,0,0,0,25500,0,0,Cash,Cancelled
ORD00765,7/3/2025,CUST0296,PROD018,6,29300,0.2,175800,35160,140640,21500,129000,11640,Bank Transfer,Completed
ORD00864,7/3/2025,CUST0072,PROD022,9,238700,0,2148300,0,2148300,134700,1212300,936000,Cash,Completed
ORD02107,7/3/2025,CUST0281,PROD020,3,27300,0,81900,0,81900,18400,55200,26700,Cash,Pending
ORD00232,7/3/2025,CUST0096,PROD053,10,247900,0.15,2479000,371850,2107150,177100,1771000,336150,Card,Pending
ORD00926,7/4/2025,CUST0011,PROD060,4,341700,0.15,1366800,205020,1161780,223100,892400,269380,Mobile Money,Completed
ORD00984,7/4/2025,CUST0210,PROD016,5,6400,0.1,32000,3200,28800,4000,20000,8800,Bank Transfer,Completed
ORD01810,7/4/2025,CUST0253,PROD037,2,107900,0.1,215800,21580,194220,59400,118800,75420,Card,Completed
ORD00752,7/4/2025,CUST0195,PROD040,4,273300,0.1,1093200,109320,983880,185400,741600,242280,Card,Completed
ORD01735,7/5/2025,CUST0117,PROD036,2,247600,0.2,495200,99040,396160,191100,382200,13960,Bank Transfer,Completed
ORD00103,7/5/2025,CUST0239,PROD047,6,22800,0.15,136800,20520,116280,14000,84000,32280,Cash,Completed
ORD00921,7/6/2025,CUST0268,PROD018,9,29300,0,0,0,0,21500,0,0,Card,Cancelled
ORD01401,7/6/2025,CUST0115,PROD050,6,79700,0.15,478200,71730,406470,49400,296400,110070,Card,Completed
ORD01745,7/6/2025,CUST0212,PROD034,10,427500,0.1,4275000,427500,3847500,282400,2824000,1023500,Card,Completed
ORD02007,7/6/2025,CUST0140,PROD006,2,17200,0.1,34400,3440,30960,12200,24400,6560,Card,Completed
ORD01116,7/7/2025,CUST0179,PROD008,4,284900,0.2,1139600,227920,911680,184900,739600,172080,Bank Transfer,Completed
ORD00639,7/7/2025,CUST0246,PROD024,5,148600,0.05,743000,37150,705850,96300,481500,224350,Bank Transfer,Completed
ORD00613,7/7/2025,CUST0116,PROD033,1,36700,0.25,36700,9175,27525,21900,21900,5625,Mobile Money,Completed
ORD00166,7/7/2025,CUST0130,PROD038,2,109100,0.1,218200,21820,196380,68900,137800,58580,Cash,Pending
ORD00168,7/7/2025,CUST0011,PROD014,9,249000,0.15,0,0,0,141700,0,0,Card,Cancelled
ORD00909,7/8/2025,CUST0200,PROD050,9,79700,0.1,717300,71730,645570,49400,444600,200970,Bank Transfer,Pending
ORD01903,7/8/2025,CUST0132,PROD026,8,35000,0.05,280000,14000,266000,23500,188000,78000,Card,Completed
ORD01493,7/8/2025,CUST0291,PROD012,7,9700,0.1,67900,6790,61110,7500,52500,8610,Bank Transfer,Completed
ORD00505,7/9/2025,CUST0273,PROD032,9,439700,0.1,3957300,395730,3561570,331400,2982600,578970,Card,Pending
ORD00934,7/10/2025,CUST0052,PROD053,7,247900,0.1,1735300,173530,1561770,177100,1239700,322070,Card,Completed
ORD01076,7/10/2025,CUST0210,PROD035,9,82200,0.2,739800,147960,591840,54600,491400,100440,Bank Transfer,Completed
ORD02352,7/10/2025,CUST0108,PROD034,3,427500,0.1,1282500,128250,1154250,282400,847200,307050,Card,Completed
ORD01166,7/11/2025,CUST0175,PROD021,6,36000,0.15,216000,32400,183600,21600,129600,54000,Mobile Money,Pending
ORD02224,7/11/2025,CUST0219,PROD060,4,341700,0,1366800,0,1366800,223100,892400,474400,Bank Transfer,Completed
ORD01582,7/11/2025,CUST0062,PROD032,4,439700,0.15,1758800,263820,1494980,331400,1325600,169380,Bank Transfer,Pending
ORD00933,7/11/2025,CUST0232,PROD023,7,121900,0.2,853300,170660,682640,79500,556500,126140,Mobile Money,Completed
ORD01449,7/11/2025,CUST0116,PROD013,6,37000,0.1,0,0,0,27000,0,0,Cash,Cancelled
ORD00764,7/11/2025,CUST0298,PROD026,7,35000,0,245000,0,245000,23500,164500,80500,Bank Transfer,Completed
ORD01750,7/11/2025,CUST0073,PROD040,4,273300,0,1093200,0,1093200,185400,741600,351600,Card,Completed
ORD01156,7/12/2025,CUST0249,PROD005,5,444900,0.1,2224500,222450,2002050,322200,1611000,391050,Bank Transfer,Completed
ORD01565,7/12/2025,CUST0052,PROD031,6,38500,0.1,231000,23100,207900,27800,166800,41100,Bank Transfer,Completed
ORD01048,7/12/2025,CUST0030,PROD036,8,247600,0.15,1980800,297120,1683680,191100,1528800,154880,Bank Transfer,Completed
ORD00444,7/12/2025,CUST0030,PROD018,9,29300,0.1,263700,26370,237330,21500,193500,43830,Cash,Pending
ORD00856,7/12/2025,CUST0291,PROD025,1,72800,0.15,72800,10920,61880,59600,59600,2280,Card,Completed
ORD00635,7/12/2025,CUST0239,PROD046,7,29300,0.05,205100,10255,194845,22200,155400,39445,Mobile Money,Completed
ORD02258,7/12/2025,CUST0211,PROD035,2,82200,0.1,0,0,0,54600,0,0,Card,Cancelled
ORD01948,7/12/2025,CUST0200,PROD022,8,238700,0.05,1909600,95480,1814120,134700,1077600,736520,Bank Transfer,Pending
ORD02038,7/13/2025,CUST0271,PROD036,9,247600,0.2,0,0,0,191100,0,0,Cash,Cancelled
ORD01034,7/13/2025,CUST0253,PROD054,2,37100,0.1,74200,7420,66780,25500,51000,15780,Bank Transfer,Pending
ORD02338,7/13/2025,CUST0206,PROD013,9,37000,0.1,0,0,0,27000,0,0,Mobile Money,Cancelled
ORD02022,7/13/2025,CUST0255,PROD035,5,82200,0,0,0,0,54600,0,0,Card,Cancelled
ORD00180,7/13/2025,CUST0106,PROD049,9,4000,0.15,36000,5400,30600,2300,20700,9900,Cash,Completed
ORD01830,7/13/2025,CUST0279,PROD004,5,560000,0.05,2800000,140000,2660000,348100,1740500,919500,Card,Completed
ORD02283,7/13/2025,CUST0196,PROD037,10,107900,0.15,1079000,161850,917150,59400,594000,323150,Card,Completed
ORD01615,7/13/2025,CUST0192,PROD019,3,197300,0.1,591900,59190,532710,120800,362400,170310,Card,Completed
ORD00588,7/14/2025,CUST0270,PROD033,8,36700,0.05,293600,14680,278920,21900,175200,103720,Card,Pending
ORD00020,7/14/2025,CUST0025,PROD058,4,228300,0.15,913200,136980,776220,139600,558400,217820,Card,Pending
ORD02375,7/14/2025,CUST0051,PROD017,6,3200,0.05,19200,960,18240,2300,13800,4440,Mobile Money,Completed
ORD01868,7/14/2025,CUST0192,PROD049,3,4000,0.15,12000,1800,10200,2300,6900,3300,Cash,Completed
ORD01342,7/14/2025,CUST0179,PROD019,3,197300,0.05,591900,29595,562305,120800,362400,199905,Card,Pending
ORD00242,7/14/2025,CUST0187,PROD024,10,148600,0.1,1486000,148600,1337400,96300,963000,374400,Card,Completed
ORD00832,7/15/2025,CUST0199,PROD045,8,142000,0.2,1136000,227200,908800,106400,851200,57600,Cash,Completed
ORD00310,7/15/2025,CUST0190,PROD001,4,536800,0.1,2147200,214720,1932480,344100,1376400,556080,Bank Transfer,Completed
ORD00980,7/16/2025,CUST0087,PROD024,4,148600,0.05,594400,29720,564680,96300,385200,179480,Card,Completed
ORD00461,7/16/2025,CUST0040,PROD044,6,11500,0,0,0,0,6400,0,0,Card,Cancelled
ORD00223,7/16/2025,CUST0120,PROD039,8,481400,0.1,3851200,385120,3466080,392300,3138400,327680,Mobile Money,Completed
ORD01120,7/16/2025,CUST0016,PROD018,7,29300,0.15,0,0,0,21500,0,0,Mobile Money,Cancelled
ORD01083,7/16/2025,CUST0025,PROD036,6,247600,0.15,1485600,222840,1262760,191100,1146600,116160,Card,Completed
ORD01838,7/16/2025,CUST0268,PROD017,5,3200,0,16000,0,16000,2300,11500,4500,Mobile Money,Completed
ORD01559,7/17/2025,CUST0106,PROD027,6,25700,0.1,154200,15420,138780,16400,98400,40380,Bank Transfer,Completed
ORD01319,7/17/2025,CUST0191,PROD052,4,392100,0.1,1568400,156840,1411560,307200,1228800,182760,Cash,Completed
ORD00160,7/17/2025,CUST0282,PROD040,3,273300,0,819900,0,819900,185400,556200,263700,Bank Transfer,Completed
ORD01297,7/18/2025,CUST0154,PROD060,5,341700,0.25,1708500,427125,1281375,223100,1115500,165875,Mobile Money,Completed
ORD01929,7/18/2025,CUST0236,PROD036,1,247600,0.15,247600,37140,210460,191100,191100,19360,Card,Pending
ORD01445,7/18/2025,CUST0224,PROD033,9,36700,0.15,330300,49545,280755,21900,197100,83655,Cash,Completed
ORD00364,7/19/2025,CUST0296,PROD014,10,249000,0.2,2490000,498000,1992000,141700,1417000,575000,Mobile Money,Completed
ORD01214,7/19/2025,CUST0134,PROD047,2,22800,0,45600,0,45600,14000,28000,17600,Bank Transfer,Pending
ORD01575,7/19/2025,CUST0065,PROD025,8,72800,0.15,582400,87360,495040,59600,476800,18240,Card,Completed
ORD01318,7/19/2025,CUST0067,PROD025,2,72800,0,0,0,0,59600,0,0,Bank Transfer,Cancelled
ORD01779,7/19/2025,CUST0131,PROD001,3,536800,0,1610400,0,1610400,344100,1032300,578100,Mobile Money,Completed
ORD01293,7/20/2025,CUST0168,PROD058,8,228300,0.2,1826400,365280,1461120,139600,1116800,344320,Card,Completed
ORD02192,7/20/2025,CUST0128,PROD041,6,24800,0.1,148800,14880,133920,16200,97200,36720,Mobile Money,Pending
ORD00634,7/20/2025,CUST0262,PROD006,4,17200,0.1,68800,6880,61920,12200,48800,13120,Bank Transfer,Completed
ORD01668,7/20/2025,CUST0169,PROD057,3,20100,0.05,60300,3015,57285,11700,35100,22185,Card,Completed
ORD02131,7/21/2025,CUST0251,PROD046,4,29300,0.05,117200,5860,111340,22200,88800,22540,Mobile Money,Pending
ORD01372,7/21/2025,CUST0100,PROD008,4,284900,0,1139600,0,1139600,184900,739600,400000,Bank Transfer,Completed
ORD01046,7/21/2025,CUST0095,PROD014,7,249000,0,1743000,0,1743000,141700,991900,751100,Cash,Completed
ORD01968,7/22/2025,CUST0057,PROD049,6,4000,0.15,24000,3600,20400,2300,13800,6600,Mobile Money,Completed
ORD00484,7/22/2025,CUST0014,PROD002,9,344400,0.2,3099600,619920,2479680,273600,2462400,17280,Bank Transfer,Completed
ORD01564,7/22/2025,CUST0068,PROD045,10,142000,0.05,0,0,0,106400,0,0,Card,Cancelled
ORD01936,7/22/2025,CUST0246,PROD056,3,58800,0.1,176400,17640,158760,33300,99900,58860,Card,Pending
ORD02134,7/23/2025,CUST0246,PROD011,5,20000,0.1,0,0,0,13400,0,0,Cash,Cancelled
ORD01977,7/23/2025,CUST0018,PROD043,10,188900,0.1,1889000,188900,1700100,153600,1536000,164100,Cash,Completed
ORD00923,7/24/2025,CUST0267,PROD004,2,560000,0.15,1120000,168000,952000,348100,696200,255800,Card,Completed
ORD02401,7/24/2025,CUST0056,PROD002,1,344400,0.15,344400,51660,292740,273600,273600,19140,Mobile Money,Pending
ORD00673,7/24/2025,CUST0275,PROD055,4,175400,0.1,0,0,0,104000,0,0,Bank Transfer,Cancelled
ORD00583,7/24/2025,CUST0267,PROD042,6,9300,0,55800,0,55800,5400,32400,23400,Mobile Money,Pending
ORD01631,7/24/2025,CUST0081,PROD017,1,3200,0.05,3200,160,3040,2300,2300,740,Bank Transfer,Completed
ORD01537,7/24/2025,CUST0070,PROD013,7,37000,0.05,259000,12950,246050,27000,189000,57050,Card,Completed
ORD01818,7/24/2025,CUST0269,PROD011,6,20000,0.1,120000,12000,108000,13400,80400,27600,Bank Transfer,Pending
ORD00179,7/25/2025,CUST0223,PROD051,4,121500,0.2,486000,97200,388800,92700,370800,18000,Card,Completed
ORD02366,7/25/2025,CUST0045,PROD008,3,284900,0.15,854700,128205,726495,184900,554700,171795,Cash,Completed
ORD00693,7/25/2025,CUST0180,PROD048,3,414500,0.1,1243500,124350,1119150,303100,909300,209850,Cash,Completed
ORD02157,7/26/2025,CUST0195,PROD030,10,409300,0.15,4093000,613950,3479050,331400,3314000,165050,Bank Transfer,Completed
ORD02500,7/26/2025,CUST0007,PROD032,1,439700,0.1,439700,43970,395730,331400,331400,64330,Card,Completed
ORD00553,7/26/2025,CUST0098,PROD053,7,247900,0.15,1735300,260295,1475005,177100,1239700,235305,Bank Transfer,Completed
ORD00554,7/26/2025,CUST0171,PROD059,1,534000,0.05,534000,26700,507300,343000,343000,164300,Mobile Money,Completed
ORD00453,7/26/2025,CUST0186,PROD004,5,560000,0.15,2800000,420000,2380000,348100,1740500,639500,Bank Transfer,Completed
ORD01268,7/26/2025,CUST0211,PROD007,7,25700,0.05,179900,8995,170905,16900,118300,52605,Mobile Money,Completed
ORD00886,7/26/2025,CUST0131,PROD050,9,79700,0.05,0,0,0,49400,0,0,Bank Transfer,Cancelled
ORD01579,7/26/2025,CUST0083,PROD039,3,481400,0.15,1444200,216630,1227570,392300,1176900,50670,Card,Completed
ORD00117,7/27/2025,CUST0264,PROD059,5,534000,0.1,2670000,267000,2403000,343000,1715000,688000,Card,Completed
ORD01004,7/27/2025,CUST0244,PROD032,3,439700,0,0,0,0,331400,0,0,Mobile Money,Cancelled
ORD02414,7/27/2025,CUST0066,PROD015,4,24400,0.15,0,0,0,17600,0,0,Bank Transfer,Cancelled
ORD01971,7/27/2025,CUST0287,PROD048,4,414500,0.15,1658000,248700,1409300,303100,1212400,196900,Bank Transfer,Pending
ORD00129,7/27/2025,CUST0098,PROD008,2,284900,0.1,569800,56980,512820,184900,369800,143020,Card,Completed
ORD02363,7/27/2025,CUST0119,PROD047,2,22800,0.05,45600,2280,43320,14000,28000,15320,Card,Completed
ORD02300,7/27/2025,CUST0265,PROD004,3,560000,0.1,1680000,168000,1512000,348100,1044300,467700,Mobile Money,Pending
ORD01586,7/27/2025,CUST0126,PROD037,2,107900,0,215800,0,215800,59400,118800,97000,Card,Completed
ORD02468,7/28/2025,CUST0052,PROD022,4,238700,0.05,954800,47740,907060,134700,538800,368260,Card,Completed
ORD00664,7/28/2025,CUST0151,PROD007,5,25700,0.1,128500,12850,115650,16900,84500,31150,Bank Transfer,Pending
ORD01200,7/28/2025,CUST0294,PROD046,3,29300,0.2,87900,17580,70320,22200,66600,3720,Bank Transfer,Completed
ORD02090,7/28/2025,CUST0071,PROD042,9,9300,0.15,83700,12555,71145,5400,48600,22545,Bank Transfer,Completed
ORD01867,7/28/2025,CUST0143,PROD006,9,17200,0.15,154800,23220,131580,12200,109800,21780,Mobile Money,Completed
ORD01059,7/29/2025,CUST0235,PROD018,3,29300,0.1,0,0,0,21500,0,0,Bank Transfer,Cancelled
ORD00830,7/29/2025,CUST0087,PROD005,8,444900,0.15,3559200,533880,3025320,322200,2577600,447720,Bank Transfer,Completed
ORD02410,7/29/2025,CUST0258,PROD008,8,284900,0.15,0,0,0,184900,0,0,Card,Cancelled
ORD00567,7/30/2025,CUST0229,PROD040,9,273300,0,2459700,0,2459700,185400,1668600,791100,Bank Transfer,Completed
ORD01359,7/30/2025,CUST0186,PROD029,3,183600,0,550800,0,550800,105400,316200,234600,Cash,Completed
ORD00037,7/31/2025,CUST0191,PROD031,4,38500,0.2,154000,30800,123200,27800,111200,12000,Bank Transfer,Completed
ORD00874,8/1/2025,CUST0099,PROD031,9,38500,0.1,346500,34650,311850,27800,250200,61650,Bank Transfer,Pending
ORD01074,8/1/2025,CUST0011,PROD053,1,247900,0.25,247900,61975,185925,177100,177100,8825,Bank Transfer,Completed
ORD01236,8/1/2025,CUST0112,PROD035,10,82200,0.1,822000,82200,739800,54600,546000,193800,Mobile Money,Completed
ORD00739,8/1/2025,CUST0047,PROD043,7,188900,0.2,1322300,264460,1057840,153600,1075200,-17360,Bank Transfer,Completed
ORD00060,8/2/2025,CUST0260,PROD002,10,344400,0.15,3444000,516600,2927400,273600,2736000,191400,Cash,Completed
ORD01613,8/2/2025,CUST0100,PROD017,7,3200,0.1,0,0,0,2300,0,0,Card,Cancelled
ORD01720,8/2/2025,CUST0074,PROD044,9,11500,0.15,103500,15525,87975,6400,57600,30375,Mobile Money,Completed
ORD00193,8/3/2025,CUST0032,PROD027,1,25700,0.15,25700,3855,21845,16400,16400,5445,Mobile Money,Completed
ORD01773,8/3/2025,CUST0298,PROD012,7,9700,0,67900,0,67900,7500,52500,15400,Card,Pending
ORD00534,8/3/2025,CUST0259,PROD058,9,228300,0.05,0,0,0,139600,0,0,Card,Cancelled
ORD00465,8/3/2025,CUST0191,PROD054,10,37100,0.15,371000,55650,315350,25500,255000,60350,Bank Transfer,Completed
ORD00504,8/4/2025,CUST0146,PROD002,2,344400,0.15,0,0,0,273600,0,0,Card,Cancelled
ORD01610,8/4/2025,CUST0168,PROD050,5,79700,0.15,398500,59775,338725,49400,247000,91725,Mobile Money,Completed
ORD01168,8/4/2025,CUST0114,PROD018,3,29300,0,87900,0,87900,21500,64500,23400,Bank Transfer,Completed
ORD00472,8/4/2025,CUST0008,PROD033,10,36700,0,367000,0,367000,21900,219000,148000,Bank Transfer,Completed
ORD01174,8/4/2025,CUST0026,PROD043,2,188900,0.1,377800,37780,340020,153600,307200,32820,Card,Completed
ORD01860,8/4/2025,CUST0084,PROD029,3,183600,0.05,550800,27540,523260,105400,316200,207060,Card,Completed
ORD02402,8/5/2025,CUST0108,PROD030,5,409300,0.15,0,0,0,331400,0,0,Mobile Money,Cancelled
ORD00395,8/5/2025,CUST0140,PROD012,10,9700,0.1,97000,9700,87300,7500,75000,12300,Bank Transfer,Completed
ORD01989,8/5/2025,CUST0172,PROD010,5,41400,0.15,207000,31050,175950,29700,148500,27450,Cash,Completed
ORD02265,8/6/2025,CUST0283,PROD023,7,121900,0.1,853300,85330,767970,79500,556500,211470,Bank Transfer,Completed
ORD00340,8/6/2025,CUST0119,PROD018,10,29300,0.25,293000,73250,219750,21500,215000,4750,Card,Completed
ORD00880,8/6/2025,CUST0129,PROD008,1,284900,0.1,0,0,0,184900,0,0,Bank Transfer,Cancelled
ORD01263,8/6/2025,CUST0001,PROD047,1,22800,0.1,0,0,0,14000,0,0,Card,Cancelled
ORD00940,8/6/2025,CUST0117,PROD021,9,36000,0.1,324000,32400,291600,21600,194400,97200,Cash,Completed
ORD02456,8/8/2025,CUST0045,PROD049,1,4000,0.05,0,0,0,2300,0,0,Bank Transfer,Cancelled
ORD01448,8/8/2025,CUST0099,PROD029,3,183600,0.1,550800,55080,495720,105400,316200,179520,Card,Completed
ORD01996,8/8/2025,CUST0161,PROD012,6,9700,0.05,58200,2910,55290,7500,45000,10290,Card,Completed
ORD00625,8/8/2025,CUST0121,PROD039,4,481400,0.15,0,0,0,392300,0,0,Cash,Cancelled
ORD01178,8/9/2025,CUST0216,PROD022,5,238700,0.1,1193500,119350,1074150,134700,673500,400650,Card,Completed
ORD00373,8/9/2025,CUST0025,PROD033,7,36700,0.25,256900,64225,192675,21900,153300,39375,Mobile Money,Completed
ORD00854,8/10/2025,CUST0251,PROD012,4,9700,0.05,0,0,0,7500,0,0,Mobile Money,Cancelled
ORD00703,8/10/2025,CUST0005,PROD003,1,6900,0.05,6900,345,6555,5200,5200,1355,Card,Completed
ORD01726,8/10/2025,CUST0041,PROD035,10,82200,0.1,822000,82200,739800,54600,546000,193800,Bank Transfer,Completed
ORD00580,8/10/2025,CUST0193,PROD027,2,25700,0,51400,0,51400,16400,32800,18600,Bank Transfer,Completed
ORD02113,8/11/2025,CUST0146,PROD014,1,249000,0.05,249000,12450,236550,141700,141700,94850,Bank Transfer,Completed
ORD01590,8/12/2025,CUST0158,PROD008,1,284900,0.15,284900,42735,242165,184900,184900,57265,Bank Transfer,Pending
ORD00244,8/12/2025,CUST0177,PROD044,9,11500,0.2,103500,20700,82800,6400,57600,25200,Mobile Money,Pending
ORD02474,8/13/2025,CUST0274,PROD041,9,24800,0.05,223200,11160,212040,16200,145800,66240,Bank Transfer,Completed
ORD00133,8/13/2025,CUST0251,PROD056,10,58800,0.05,0,0,0,33300,0,0,Cash,Cancelled
ORD01956,8/13/2025,CUST0244,PROD013,6,37000,0.15,222000,33300,188700,27000,162000,26700,Mobile Money,Pending
ORD01343,8/13/2025,CUST0197,PROD030,5,409300,0.05,2046500,102325,1944175,331400,1657000,287175,Cash,Completed
ORD01902,8/14/2025,CUST0121,PROD037,4,107900,0.15,431600,64740,366860,59400,237600,129260,Bank Transfer,Completed
ORD00551,8/15/2025,CUST0221,PROD044,6,11500,0.2,69000,13800,55200,6400,38400,16800,Bank Transfer,Completed
ORD02434,8/15/2025,CUST0035,PROD050,8,79700,0.25,637600,159400,478200,49400,395200,83000,Card,Pending
ORD01854,8/15/2025,CUST0222,PROD007,2,25700,0.15,51400,7710,43690,16900,33800,9890,Mobile Money,Completed
ORD01649,8/15/2025,CUST0109,PROD035,10,82200,0.1,822000,82200,739800,54600,546000,193800,Card,Completed
ORD00408,8/16/2025,CUST0294,PROD009,1,9600,0.25,9600,2400,7200,6200,6200,1000,Card,Completed
ORD00965,8/16/2025,CUST0286,PROD032,8,439700,0.25,0,0,0,331400,0,0,Card,Cancelled
ORD00023,8/16/2025,CUST0029,PROD004,6,560000,0.25,0,0,0,348100,0,0,Card,Cancelled
ORD00162,8/16/2025,CUST0004,PROD016,1,6400,0.15,6400,960,5440,4000,4000,1440,Bank Transfer,Completed
ORD02032,8/17/2025,CUST0204,PROD012,8,9700,0.1,77600,7760,69840,7500,60000,9840,Bank Transfer,Completed
ORD02175,8/17/2025,CUST0045,PROD027,7,25700,0.1,179900,17990,161910,16400,114800,47110,Card,Completed
ORD01920,8/17/2025,CUST0212,PROD055,8,175400,0.1,0,0,0,104000,0,0,Mobile Money,Cancelled
ORD00774,8/18/2025,CUST0283,PROD042,10,9300,0.15,0,0,0,5400,0,0,Card,Cancelled
ORD00486,8/18/2025,CUST0072,PROD046,1,29300,0.05,0,0,0,22200,0,0,Bank Transfer,Cancelled
ORD01651,8/18/2025,CUST0192,PROD038,7,109100,0.05,763700,38185,725515,68900,482300,243215,Bank Transfer,Completed
ORD02174,8/18/2025,CUST0037,PROD052,5,392100,0.15,1960500,294075,1666425,307200,1536000,130425,Mobile Money,Completed
ORD00509,8/18/2025,CUST0044,PROD005,1,444900,0.15,444900,66735,378165,322200,322200,55965,Card,Pending
ORD01571,8/18/2025,CUST0179,PROD005,9,444900,0.1,0,0,0,322200,0,0,Card,Cancelled
ORD02011,8/18/2025,CUST0057,PROD024,7,148600,0.05,1040200,52010,988190,96300,674100,314090,Bank Transfer,Completed
ORD02232,8/19/2025,CUST0156,PROD037,10,107900,0.15,1079000,161850,917150,59400,594000,323150,Mobile Money,Completed
ORD00632,8/19/2025,CUST0187,PROD002,7,344400,0,2410800,0,2410800,273600,1915200,495600,Card,Completed
ORD02318,8/20/2025,CUST0018,PROD021,5,36000,0.1,180000,18000,162000,21600,108000,54000,Bank Transfer,Completed
ORD00124,8/20/2025,CUST0268,PROD033,6,36700,0.1,220200,22020,198180,21900,131400,66780,Card,Completed
ORD00560,8/20/2025,CUST0093,PROD008,3,284900,0,854700,0,854700,184900,554700,300000,Bank Transfer,Completed
ORD01587,8/20/2025,CUST0042,PROD055,9,175400,0.15,1578600,236790,1341810,104000,936000,405810,Card,Completed
ORD00360,8/20/2025,CUST0238,PROD031,9,38500,0.05,346500,17325,329175,27800,250200,78975,Card,Completed
ORD00818,8/20/2025,CUST0018,PROD023,10,121900,0.15,0,0,0,79500,0,0,Bank Transfer,Cancelled
ORD00299,8/20/2025,CUST0044,PROD041,6,24800,0.1,148800,14880,133920,16200,97200,36720,Card,Completed
ORD00549,8/20/2025,CUST0146,PROD052,4,392100,0.15,1568400,235260,1333140,307200,1228800,104340,Bank Transfer,Completed
ORD02221,8/21/2025,CUST0095,PROD030,6,409300,0.1,2455800,245580,2210220,331400,1988400,221820,Card,Completed
ORD00536,8/21/2025,CUST0136,PROD042,6,9300,0.1,55800,5580,50220,5400,32400,17820,Mobile Money,Completed
ORD01652,8/22/2025,CUST0219,PROD056,8,58800,0.05,470400,23520,446880,33300,266400,180480,Card,Completed
ORD01686,8/23/2025,CUST0071,PROD059,2,534000,0.1,1068000,106800,961200,343000,686000,275200,Card,Pending
ORD00617,8/23/2025,CUST0099,PROD043,9,188900,0,1700100,0,1700100,153600,1382400,317700,Card,Completed
ORD01623,8/23/2025,CUST0206,PROD041,10,24800,0.2,248000,49600,198400,16200,162000,36400,Bank Transfer,Completed
ORD00449,8/24/2025,CUST0220,PROD025,1,72800,0.15,72800,10920,61880,59600,59600,2280,Cash,Completed
ORD00911,8/24/2025,CUST0240,PROD036,8,247600,0.1,1980800,198080,1782720,191100,1528800,253920,Bank Transfer,Completed
ORD00947,8/24/2025,CUST0054,PROD014,6,249000,0.15,1494000,224100,1269900,141700,850200,419700,Bank Transfer,Completed
ORD01524,8/24/2025,CUST0260,PROD009,6,9600,0.15,57600,8640,48960,6200,37200,11760,Cash,Completed
ORD00473,8/24/2025,CUST0190,PROD003,2,6900,0.1,13800,1380,12420,5200,10400,2020,Card,Completed
ORD00362,8/24/2025,CUST0284,PROD009,1,9600,0.2,0,0,0,6200,0,0,Card,Cancelled
ORD01696,8/25/2025,CUST0191,PROD040,3,273300,0.1,819900,81990,737910,185400,556200,181710,Bank Transfer,Completed
ORD01670,8/25/2025,CUST0151,PROD053,10,247900,0.05,2479000,123950,2355050,177100,1771000,584050,Cash,Pending
ORD00762,8/25/2025,CUST0096,PROD003,1,6900,0.1,6900,690,6210,5200,5200,1010,Bank Transfer,Completed
ORD02117,8/25/2025,CUST0105,PROD024,1,148600,0,148600,0,148600,96300,96300,52300,Card,Completed
ORD01130,8/26/2025,CUST0208,PROD044,4,11500,0,46000,0,46000,6400,25600,20400,Bank Transfer,Completed
ORD00603,8/26/2025,CUST0030,PROD028,2,159200,0.1,318400,31840,286560,112500,225000,61560,Cash,Completed
ORD01473,8/26/2025,CUST0241,PROD010,1,41400,0.1,0,0,0,29700,0,0,Bank Transfer,Cancelled
ORD01190,8/26/2025,CUST0180,PROD017,3,3200,0.15,0,0,0,2300,0,0,Mobile Money,Cancelled
ORD00991,8/27/2025,CUST0188,PROD035,4,82200,0.1,328800,32880,295920,54600,218400,77520,Card,Completed
ORD00860,8/27/2025,CUST0095,PROD012,1,9700,0,9700,0,9700,7500,7500,2200,Bank Transfer,Pending
ORD01687,8/27/2025,CUST0090,PROD020,8,27300,0.2,0,0,0,18400,0,0,Bank Transfer,Cancelled
ORD02072,8/27/2025,CUST0256,PROD050,7,79700,0.15,557900,83685,474215,49400,345800,128415,Mobile Money,Completed
ORD01646,8/28/2025,CUST0282,PROD044,9,11500,0.1,103500,10350,93150,6400,57600,35550,Mobile Money,Completed
ORD01391,8/28/2025,CUST0034,PROD005,9,444900,0.15,0,0,0,322200,0,0,Bank Transfer,Cancelled
ORD01691,8/28/2025,CUST0126,PROD037,5,107900,0.05,539500,26975,512525,59400,297000,215525,Mobile Money,Completed
ORD02427,8/28/2025,CUST0268,PROD053,10,247900,0.1,2479000,247900,2231100,177100,1771000,460100,Cash,Pending
ORD02102,8/28/2025,CUST0083,PROD021,2,36000,0.2,72000,14400,57600,21600,43200,14400,Card,Pending
ORD02238,8/28/2025,CUST0057,PROD059,1,534000,0.05,534000,26700,507300,343000,343000,164300,Bank Transfer,Pending
ORD00311,8/29/2025,CUST0268,PROD060,2,341700,0.05,683400,34170,649230,223100,446200,203030,Card,Completed
ORD02472,8/30/2025,CUST0239,PROD026,4,35000,0.1,140000,14000,126000,23500,94000,32000,Bank Transfer,Completed
ORD00064,8/30/2025,CUST0214,PROD005,8,444900,0.15,0,0,0,322200,0,0,Card,Cancelled
ORD01529,8/30/2025,CUST0059,PROD055,3,175400,0.15,526200,78930,447270,104000,312000,135270,Bank Transfer,Pending
ORD00100,8/31/2025,CUST0235,PROD037,6,107900,0.1,647400,64740,582660,59400,356400,226260,Cash,Completed
ORD01515,9/1/2025,CUST0162,PROD012,3,9700,0.15,29100,4365,24735,7500,22500,2235,Bank Transfer,Completed
ORD02040,9/1/2025,CUST0169,PROD031,9,38500,0.1,346500,34650,311850,27800,250200,61650,Bank Transfer,Completed
ORD00563,9/1/2025,CUST0106,PROD047,3,22800,0.15,0,0,0,14000,0,0,Card,Cancelled
ORD00566,9/1/2025,CUST0096,PROD020,10,27300,0.15,273000,40950,232050,18400,184000,48050,Bank Transfer,Completed
ORD00585,9/2/2025,CUST0003,PROD039,9,481400,0.25,4332600,1083150,3249450,392300,3530700,-281250,Cash,Completed
ORD01017,9/2/2025,CUST0017,PROD020,8,27300,0.1,218400,21840,196560,18400,147200,49360,Card,Completed
ORD01693,9/2/2025,CUST0097,PROD034,5,427500,0.2,2137500,427500,1710000,282400,1412000,298000,Card,Completed
ORD01037,9/3/2025,CUST0090,PROD058,3,228300,0.1,684900,68490,616410,139600,418800,197610,Bank Transfer,Completed
ORD00479,9/3/2025,CUST0145,PROD026,6,35000,0.1,210000,21000,189000,23500,141000,48000,Bank Transfer,Completed
ORD00767,9/3/2025,CUST0042,PROD038,1,109100,0.25,0,0,0,68900,0,0,Mobile Money,Cancelled
ORD01366,9/3/2025,CUST0216,PROD029,2,183600,0.15,0,0,0,105400,0,0,Card,Cancelled
ORD01148,9/4/2025,CUST0056,PROD021,9,36000,0.05,324000,16200,307800,21600,194400,113400,Mobile Money,Completed
ORD01671,9/4/2025,CUST0071,PROD028,6,159200,0.2,955200,191040,764160,112500,675000,89160,Bank Transfer,Pending
ORD01660,9/4/2025,CUST0119,PROD032,10,439700,0.2,4397000,879400,3517600,331400,3314000,203600,Bank Transfer,Completed
ORD00656,9/4/2025,CUST0090,PROD039,3,481400,0.15,1444200,216630,1227570,392300,1176900,50670,Bank Transfer,Completed
ORD00653,9/4/2025,CUST0253,PROD054,5,37100,0.2,185500,37100,148400,25500,127500,20900,Card,Completed
ORD01458,9/5/2025,CUST0206,PROD057,4,20100,0.15,0,0,0,11700,0,0,Bank Transfer,Cancelled
ORD00779,9/5/2025,CUST0012,PROD036,1,247600,0.1,247600,24760,222840,191100,191100,31740,Mobile Money,Completed
ORD02164,9/5/2025,CUST0044,PROD001,10,536800,0.1,5368000,536800,4831200,344100,3441000,1390200,Bank Transfer,Completed
ORD01749,9/6/2025,CUST0017,PROD040,2,273300,0.05,546600,27330,519270,185400,370800,148470,Mobile Money,Completed
ORD01785,9/6/2025,CUST0263,PROD024,10,148600,0.05,1486000,74300,1411700,96300,963000,448700,Card,Pending
ORD00102,9/6/2025,CUST0045,PROD052,4,392100,0.15,1568400,235260,1333140,307200,1228800,104340,Bank Transfer,Pending
ORD02231,9/7/2025,CUST0025,PROD004,1,560000,0.15,0,0,0,348100,0,0,Bank Transfer,Cancelled
ORD01511,9/7/2025,CUST0265,PROD058,8,228300,0.1,1826400,182640,1643760,139600,1116800,526960,Card,Completed
ORD02422,9/7/2025,CUST0103,PROD019,3,197300,0.2,591900,118380,473520,120800,362400,111120,Card,Completed
ORD00245,9/8/2025,CUST0287,PROD045,4,142000,0.1,568000,56800,511200,106400,425600,85600,Mobile Money,Completed
ORD00491,9/9/2025,CUST0245,PROD039,5,481400,0.1,2407000,240700,2166300,392300,1961500,204800,Card,Pending
ORD00501,9/9/2025,CUST0198,PROD031,1,38500,0.2,38500,7700,30800,27800,27800,3000,Card,Completed
ORD00915,9/9/2025,CUST0077,PROD016,3,6400,0.15,19200,2880,16320,4000,12000,4320,Card,Pending
ORD02056,9/9/2025,CUST0026,PROD015,4,24400,0.2,97600,19520,78080,17600,70400,7680,Card,Completed
ORD01360,9/10/2025,CUST0099,PROD059,6,534000,0.15,3204000,480600,2723400,343000,2058000,665400,Bank Transfer,Completed
ORD01635,9/10/2025,CUST0129,PROD042,8,9300,0.05,74400,3720,70680,5400,43200,27480,Card,Completed
ORD02369,9/10/2025,CUST0271,PROD059,7,534000,0.15,3738000,560700,3177300,343000,2401000,776300,Cash,Completed
ORD00456,9/10/2025,CUST0247,PROD033,1,36700,0.15,36700,5505,31195,21900,21900,9295,Card,Pending
ORD02125,9/10/2025,CUST0069,PROD024,9,148600,0.05,1337400,66870,1270530,96300,866700,403830,Mobile Money,Completed
ORD00508,9/10/2025,CUST0013,PROD046,4,29300,0.25,0,0,0,22200,0,0,Bank Transfer,Cancelled
ORD02142,9/10/2025,CUST0215,PROD054,10,37100,0,371000,0,371000,25500,255000,116000,Card,Completed
ORD00655,9/10/2025,CUST0008,PROD026,1,35000,0.05,0,0,0,23500,0,0,Card,Cancelled
ORD02236,9/11/2025,CUST0018,PROD013,10,37000,0.05,370000,18500,351500,27000,270000,81500,Bank Transfer,Completed
ORD00722,9/11/2025,CUST0181,PROD024,8,148600,0.15,0,0,0,96300,0,0,Card,Cancelled
ORD00937,9/11/2025,CUST0154,PROD049,6,4000,0.25,24000,6000,18000,2300,13800,4200,Bank Transfer,Completed
ORD01630,9/11/2025,CUST0125,PROD055,10,175400,0.1,0,0,0,104000,0,0,Card,Cancelled
ORD01173,9/11/2025,CUST0035,PROD017,4,3200,0.05,12800,640,12160,2300,9200,2960,Bank Transfer,Completed
ORD01601,9/11/2025,CUST0291,PROD027,3,25700,0.05,77100,3855,73245,16400,49200,24045,Card,Completed
ORD01420,9/12/2025,CUST0157,PROD039,3,481400,0.15,1444200,216630,1227570,392300,1176900,50670,Mobile Money,Completed
ORD00897,9/12/2025,CUST0243,PROD048,9,414500,0.2,3730500,746100,2984400,303100,2727900,256500,Bank Transfer,Pending
ORD02172,9/12/2025,CUST0165,PROD039,2,481400,0.15,962800,144420,818380,392300,784600,33780,Mobile Money,Completed
ORD00204,9/12/2025,CUST0227,PROD042,6,9300,0.1,55800,5580,50220,5400,32400,17820,Card,Pending
ORD02455,9/13/2025,CUST0145,PROD051,10,121500,0.1,0,0,0,92700,0,0,Bank Transfer,Cancelled
ORD02195,9/13/2025,CUST0092,PROD012,4,9700,0.25,38800,9700,29100,7500,30000,-900,Mobile Money,Pending
ORD00817,9/13/2025,CUST0148,PROD011,9,20000,0.1,180000,18000,162000,13400,120600,41400,Card,Completed
ORD00783,9/13/2025,CUST0010,PROD059,3,534000,0.05,1602000,80100,1521900,343000,1029000,492900,Bank Transfer,Pending
ORD00379,9/14/2025,CUST0282,PROD051,6,121500,0,0,0,0,92700,0,0,Card,Cancelled
ORD01498,9/14/2025,CUST0273,PROD031,6,38500,0.1,231000,23100,207900,27800,166800,41100,Mobile Money,Completed
ORD00233,9/14/2025,CUST0200,PROD052,1,392100,0.05,392100,19605,372495,307200,307200,65295,Card,Pending
ORD02227,9/15/2025,CUST0127,PROD057,7,20100,0.15,140700,21105,119595,11700,81900,37695,Card,Completed
ORD00161,9/15/2025,CUST0086,PROD029,4,183600,0.2,734400,146880,587520,105400,421600,165920,Card,Completed
ORD01371,9/15/2025,CUST0270,PROD055,3,175400,0.15,526200,78930,447270,104000,312000,135270,Bank Transfer,Completed
ORD01694,9/16/2025,CUST0074,PROD011,5,20000,0.05,100000,5000,95000,13400,67000,28000,Card,Completed
ORD00457,9/16/2025,CUST0031,PROD028,6,159200,0.1,955200,95520,859680,112500,675000,184680,Card,Pending
ORD00170,9/16/2025,CUST0190,PROD033,7,36700,0.15,0,0,0,21900,0,0,Mobile Money,Cancelled
ORD01069,9/16/2025,CUST0171,PROD054,2,37100,0.1,0,0,0,25500,0,0,Bank Transfer,Cancelled
ORD00647,9/17/2025,CUST0012,PROD055,5,175400,0.15,877000,131550,745450,104000,520000,225450,Card,Pending
ORD02140,9/17/2025,CUST0059,PROD017,8,3200,0.05,25600,1280,24320,2300,18400,5920,Bank Transfer,Pending
ORD01919,9/17/2025,CUST0010,PROD037,9,107900,0.1,0,0,0,59400,0,0,Cash,Cancelled
ORD00271,9/17/2025,CUST0156,PROD051,5,121500,0.25,607500,151875,455625,92700,463500,-7875,Bank Transfer,Completed
ORD01742,9/19/2025,CUST0074,PROD059,2,534000,0.2,1068000,213600,854400,343000,686000,168400,Cash,Completed
ORD00602,9/19/2025,CUST0215,PROD042,6,9300,0.05,55800,2790,53010,5400,32400,20610,Card,Completed
ORD01063,9/19/2025,CUST0258,PROD026,8,35000,0.1,280000,28000,252000,23500,188000,64000,Card,Pending
ORD01710,9/19/2025,CUST0127,PROD056,9,58800,0,529200,0,529200,33300,299700,229500,Card,Completed
ORD00431,9/19/2025,CUST0192,PROD049,2,4000,0.1,8000,800,7200,2300,4600,2600,Mobile Money,Completed
ORD00115,9/19/2025,CUST0223,PROD026,9,35000,0.1,0,0,0,23500,0,0,Cash,Cancelled
ORD01771,9/19/2025,CUST0181,PROD049,3,4000,0.05,12000,600,11400,2300,6900,4500,Mobile Money,Completed
ORD02308,9/20/2025,CUST0213,PROD042,1,9300,0.05,9300,465,8835,5400,5400,3435,Bank Transfer,Pending
ORD01690,9/20/2025,CUST0228,PROD039,6,481400,0,2888400,0,2888400,392300,2353800,534600,Mobile Money,Completed
ORD00156,9/20/2025,CUST0125,PROD022,7,238700,0.15,1670900,250635,1420265,134700,942900,477365,Card,Completed
ORD00989,9/20/2025,CUST0001,PROD007,3,25700,0.2,77100,15420,61680,16900,50700,10980,Bank Transfer,Completed
ORD00545,9/20/2025,CUST0103,PROD018,4,29300,0.1,0,0,0,21500,0,0,Bank Transfer,Cancelled
ORD00747,9/20/2025,CUST0019,PROD023,1,121900,0,121900,0,121900,79500,79500,42400,Bank Transfer,Completed
ORD00459,9/21/2025,CUST0076,PROD037,6,107900,0.15,647400,97110,550290,59400,356400,193890,Mobile Money,Completed
ORD00325,9/21/2025,CUST0200,PROD005,6,444900,0.1,2669400,266940,2402460,322200,1933200,469260,Card,Completed
ORD02208,9/21/2025,CUST0296,PROD001,7,536800,0.15,3757600,563640,3193960,344100,2408700,785260,Bank Transfer,Completed
ORD02323,9/21/2025,CUST0162,PROD020,5,27300,0.1,136500,13650,122850,18400,92000,30850,Cash,Pending
ORD01295,9/21/2025,CUST0109,PROD019,4,197300,0.2,789200,157840,631360,120800,483200,148160,Bank Transfer,Completed
ORD00282,9/22/2025,CUST0094,PROD041,8,24800,0.1,198400,19840,178560,16200,129600,48960,Bank Transfer,Completed
ORD01336,9/22/2025,CUST0279,PROD059,5,534000,0.2,2670000,534000,2136000,343000,1715000,421000,Cash,Completed
ORD01527,9/22/2025,CUST0283,PROD045,6,142000,0.05,852000,42600,809400,106400,638400,171000,Card,Completed
ORD00498,9/23/2025,CUST0026,PROD054,10,37100,0.15,371000,55650,315350,25500,255000,60350,Card,Completed
ORD01380,9/23/2025,CUST0210,PROD040,1,273300,0.05,273300,13665,259635,185400,185400,74235,Card,Completed
ORD00819,9/23/2025,CUST0294,PROD057,6,20100,0.1,120600,12060,108540,11700,70200,38340,Bank Transfer,Completed
ORD02315,9/23/2025,CUST0146,PROD018,9,29300,0.2,263700,52740,210960,21500,193500,17460,Card,Completed
ORD01292,9/23/2025,CUST0191,PROD042,5,9300,0.1,46500,4650,41850,5400,27000,14850,Bank Transfer,Completed
ORD01358,9/24/2025,CUST0195,PROD044,10,11500,0.1,115000,11500,103500,6400,64000,39500,Card,Completed
ORD00795,9/24/2025,CUST0194,PROD023,9,121900,0.1,1097100,109710,987390,79500,715500,271890,Bank Transfer,Pending
ORD00368,9/24/2025,CUST0184,PROD052,2,392100,0.15,784200,117630,666570,307200,614400,52170,Cash,Completed
ORD02247,9/25/2025,CUST0153,PROD035,10,82200,0.1,822000,82200,739800,54600,546000,193800,Bank Transfer,Pending
ORD01021,9/25/2025,CUST0030,PROD055,3,175400,0.2,0,0,0,104000,0,0,Card,Cancelled
ORD02356,9/26/2025,CUST0074,PROD028,6,159200,0.05,0,0,0,112500,0,0,Card,Cancelled
ORD01834,9/26/2025,CUST0276,PROD016,8,6400,0.1,51200,5120,46080,4000,32000,14080,Mobile Money,Pending
ORD00793,9/27/2025,CUST0057,PROD046,2,29300,0.05,58600,2930,55670,22200,44400,11270,Card,Completed
ORD01995,9/27/2025,CUST0164,PROD024,3,148600,0.05,445800,22290,423510,96300,288900,134610,Bank Transfer,Pending
ORD00577,9/28/2025,CUST0214,PROD040,1,273300,0.1,273300,27330,245970,185400,185400,60570,Card,Completed
ORD01132,9/28/2025,CUST0200,PROD003,3,6900,0.2,20700,4140,16560,5200,15600,960,Cash,Completed
ORD00816,9/28/2025,CUST0164,PROD031,10,38500,0.2,385000,77000,308000,27800,278000,30000,Card,Completed
ORD00290,9/29/2025,CUST0143,PROD012,2,9700,0.2,19400,3880,15520,7500,15000,520,Card,Completed
ORD01852,9/29/2025,CUST0123,PROD006,3,17200,0.25,51600,12900,38700,12200,36600,2100,Bank Transfer,Completed
ORD02243,9/29/2025,CUST0277,PROD058,4,228300,0.1,913200,91320,821880,139600,558400,263480,Card,Completed
ORD01489,9/29/2025,CUST0093,PROD056,9,58800,0.1,529200,52920,476280,33300,299700,176580,Cash,Completed
ORD00475,9/29/2025,CUST0273,PROD050,5,79700,0,0,0,0,49400,0,0,Card,Cancelled
ORD01103,9/29/2025,CUST0123,PROD004,5,560000,0.15,0,0,0,348100,0,0,Card,Cancelled
ORD02108,9/30/2025,CUST0215,PROD018,3,29300,0.2,87900,17580,70320,21500,64500,5820,Card,Pending
ORD01339,9/30/2025,CUST0151,PROD033,3,36700,0.2,110100,22020,88080,21900,65700,22380,Bank Transfer,Pending
ORD00517,9/30/2025,CUST0145,PROD034,1,427500,0.05,427500,21375,406125,282400,282400,123725,Card,Pending
ORD00963,9/30/2025,CUST0270,PROD009,7,9600,0.2,0,0,0,6200,0,0,Cash,Cancelled
ORD00675,10/1/2025,CUST0021,PROD009,10,9600,0.15,0,0,0,6200,0,0,Card,Cancelled
ORD02288,10/1/2025,CUST0211,PROD058,7,228300,0.1,1598100,159810,1438290,139600,977200,461090,Card,Completed
ORD00737,10/1/2025,CUST0209,PROD042,8,9300,0.2,74400,14880,59520,5400,43200,16320,Card,Completed
ORD00477,10/2/2025,CUST0090,PROD029,1,183600,0.05,183600,9180,174420,105400,105400,69020,Card,Completed
ORD00083,10/3/2025,CUST0094,PROD010,3,41400,0,124200,0,124200,29700,89100,35100,Mobile Money,Completed
ORD01510,10/5/2025,CUST0185,PROD033,9,36700,0.2,0,0,0,21900,0,0,Card,Cancelled
ORD02364,10/5/2025,CUST0162,PROD009,1,9600,0.15,9600,1440,8160,6200,6200,1960,Card,Completed
ORD02071,10/5/2025,CUST0090,PROD057,4,20100,0.05,0,0,0,11700,0,0,Bank Transfer,Cancelled
ORD00210,10/6/2025,CUST0224,PROD058,10,228300,0.15,2283000,342450,1940550,139600,1396000,544550,Bank Transfer,Pending
ORD00682,10/6/2025,CUST0164,PROD051,7,121500,0.2,850500,170100,680400,92700,648900,31500,Card,Pending
ORD00125,10/6/2025,CUST0273,PROD053,3,247900,0.1,743700,74370,669330,177100,531300,138030,Card,Completed
ORD01736,10/6/2025,CUST0094,PROD023,8,121900,0.1,975200,97520,877680,79500,636000,241680,Card,Completed
ORD01528,10/6/2025,CUST0171,PROD013,4,37000,0.05,0,0,0,27000,0,0,Mobile Money,Cancelled
ORD02167,10/6/2025,CUST0084,PROD042,5,9300,0.1,46500,4650,41850,5400,27000,14850,Card,Completed
ORD01096,10/7/2025,CUST0215,PROD043,7,188900,0,0,0,0,153600,0,0,Card,Cancelled
ORD02235,10/7/2025,CUST0277,PROD025,2,72800,0.1,145600,14560,131040,59600,119200,11840,Card,Completed
ORD00757,10/7/2025,CUST0030,PROD014,5,249000,0.1,0,0,0,141700,0,0,Card,Cancelled
ORD00691,10/7/2025,CUST0221,PROD006,9,17200,0.05,0,0,0,12200,0,0,Mobile Money,Cancelled
ORD01235,10/8/2025,CUST0296,PROD042,10,9300,0.1,0,0,0,5400,0,0,Card,Cancelled
ORD00294,10/8/2025,CUST0053,PROD033,10,36700,0.15,367000,55050,311950,21900,219000,92950,Bank Transfer,Pending
ORD01496,10/8/2025,CUST0128,PROD013,4,37000,0.05,148000,7400,140600,27000,108000,32600,Cash,Completed
ORD00238,10/9/2025,CUST0206,PROD003,3,6900,0.15,20700,3105,17595,5200,15600,1995,Card,Completed
ORD00890,10/9/2025,CUST0204,PROD045,8,142000,0.1,1136000,113600,1022400,106400,851200,171200,Bank Transfer,Completed
ORD02340,10/9/2025,CUST0159,PROD005,10,444900,0.2,4449000,889800,3559200,322200,3222000,337200,Card,Completed
ORD01244,10/9/2025,CUST0028,PROD018,1,29300,0.2,0,0,0,21500,0,0,Mobile Money,Cancelled
ORD02130,10/10/2025,CUST0273,PROD038,10,109100,0.15,1091000,163650,927350,68900,689000,238350,Mobile Money,Pending
ORD01415,10/10/2025,CUST0112,PROD046,4,29300,0.1,117200,11720,105480,22200,88800,16680,Bank Transfer,Pending
ORD00660,10/10/2025,CUST0118,PROD022,7,238700,0.05,1670900,83545,1587355,134700,942900,644455,Bank Transfer,Pending
ORD01782,10/11/2025,CUST0154,PROD021,3,36000,0.05,108000,5400,102600,21600,64800,37800,Card,Completed
ORD02429,10/11/2025,CUST0120,PROD020,1,27300,0.1,0,0,0,18400,0,0,Card,Cancelled
ORD02105,10/11/2025,CUST0004,PROD012,5,9700,0,48500,0,48500,7500,37500,11000,Mobile Money,Completed
ORD02051,10/11/2025,CUST0228,PROD041,8,24800,0.15,198400,29760,168640,16200,129600,39040,Card,Completed
ORD00584,10/11/2025,CUST0251,PROD029,5,183600,0.25,918000,229500,688500,105400,527000,161500,Bank Transfer,Pending
ORD00135,10/11/2025,CUST0050,PROD008,7,284900,0.2,1994300,398860,1595440,184900,1294300,301140,Bank Transfer,Completed
ORD02248,10/11/2025,CUST0127,PROD057,6,20100,0.1,120600,12060,108540,11700,70200,38340,Bank Transfer,Pending
ORD01444,10/11/2025,CUST0048,PROD009,3,9600,0,28800,0,28800,6200,18600,10200,Mobile Money,Completed
ORD01357,10/12/2025,CUST0070,PROD040,4,273300,0,1093200,0,1093200,185400,741600,351600,Card,Completed
ORD00723,10/12/2025,CUST0288,PROD035,10,82200,0.05,822000,41100,780900,54600,546000,234900,Bank Transfer,Completed
ORD01825,10/12/2025,CUST0066,PROD015,10,24400,0.15,244000,36600,207400,17600,176000,31400,Card,Completed
ORD00216,10/12/2025,CUST0132,PROD018,8,29300,0.05,234400,11720,222680,21500,172000,50680,Bank Transfer,Completed
ORD01723,10/12/2025,CUST0176,PROD017,6,3200,0.1,0,0,0,2300,0,0,Bank Transfer,Cancelled
ORD01395,10/13/2025,CUST0134,PROD042,3,9300,0.05,27900,1395,26505,5400,16200,10305,Card,Completed
ORD02496,10/13/2025,CUST0148,PROD041,10,24800,0.15,248000,37200,210800,16200,162000,48800,Card,Completed
ORD00254,10/13/2025,CUST0013,PROD036,6,247600,0,1485600,0,1485600,191100,1146600,339000,Cash,Completed
ORD00066,10/14/2025,CUST0209,PROD002,1,344400,0.15,344400,51660,292740,273600,273600,19140,Bank Transfer,Completed
ORD02222,10/14/2025,CUST0262,PROD047,2,22800,0.15,0,0,0,14000,0,0,Bank Transfer,Cancelled
ORD00054,10/14/2025,CUST0075,PROD025,4,72800,0.15,291200,43680,247520,59600,238400,9120,Card,Pending
ORD01675,10/14/2025,CUST0082,PROD005,5,444900,0.15,0,0,0,322200,0,0,Mobile Money,Cancelled
ORD00903,10/14/2025,CUST0188,PROD023,9,121900,0.15,1097100,164565,932535,79500,715500,217035,Mobile Money,Pending
ORD00749,10/15/2025,CUST0171,PROD038,1,109100,0.1,0,0,0,68900,0,0,Card,Cancelled
ORD00808,10/15/2025,CUST0150,PROD033,5,36700,0.1,183500,18350,165150,21900,109500,55650,Bank Transfer,Completed
ORD00523,10/16/2025,CUST0128,PROD055,4,175400,0.1,701600,70160,631440,104000,416000,215440,Card,Completed
ORD00973,10/16/2025,CUST0217,PROD037,5,107900,0.05,0,0,0,59400,0,0,Mobile Money,Cancelled
ORD00597,10/16/2025,CUST0125,PROD026,7,35000,0.05,245000,12250,232750,23500,164500,68250,Card,Completed
ORD01278,10/17/2025,CUST0021,PROD004,7,560000,0.15,3920000,588000,3332000,348100,2436700,895300,Card,Completed
ORD00339,10/17/2025,CUST0038,PROD053,6,247900,0.1,1487400,148740,1338660,177100,1062600,276060,Card,Completed
ORD01274,10/18/2025,CUST0236,PROD014,1,249000,0.1,0,0,0,141700,0,0,Mobile Money,Cancelled
ORD02060,10/18/2025,CUST0237,PROD006,10,17200,0.05,172000,8600,163400,12200,122000,41400,Bank Transfer,Pending
ORD01147,10/18/2025,CUST0179,PROD022,10,238700,0.1,2387000,238700,2148300,134700,1347000,801300,Bank Transfer,Completed
ORD02440,10/19/2025,CUST0184,PROD046,7,29300,0.25,205100,51275,153825,22200,155400,-1575,Bank Transfer,Pending
ORD00069,10/19/2025,CUST0112,PROD038,2,109100,0.2,218200,43640,174560,68900,137800,36760,Card,Completed
ORD02335,10/19/2025,CUST0204,PROD054,5,37100,0.1,185500,18550,166950,25500,127500,39450,Cash,Completed
ORD00960,10/19/2025,CUST0054,PROD039,4,481400,0.15,1925600,288840,1636760,392300,1569200,67560,Bank Transfer,Completed
ORD01015,10/19/2025,CUST0031,PROD038,5,109100,0.2,0,0,0,68900,0,0,Bank Transfer,Cancelled
ORD01405,10/19/2025,CUST0189,PROD054,10,37100,0.1,0,0,0,25500,0,0,Card,Cancelled
ORD00967,10/20/2025,CUST0208,PROD017,5,3200,0.15,16000,2400,13600,2300,11500,2100,Bank Transfer,Completed
ORD00930,10/20/2025,CUST0230,PROD026,3,35000,0.15,105000,15750,89250,23500,70500,18750,Card,Completed
ORD02328,10/20/2025,CUST0179,PROD060,1,341700,0.05,0,0,0,223100,0,0,Card,Cancelled
ORD00771,10/20/2025,CUST0022,PROD001,5,536800,0,0,0,0,344100,0,0,Card,Cancelled
ORD01900,10/20/2025,CUST0085,PROD029,7,183600,0.15,1285200,192780,1092420,105400,737800,354620,Bank Transfer,Completed
ORD01361,10/20/2025,CUST0082,PROD030,8,409300,0.15,3274400,491160,2783240,331400,2651200,132040,Card,Completed
ORD00858,10/20/2025,CUST0201,PROD051,4,121500,0.1,0,0,0,92700,0,0,Mobile Money,Cancelled
ORD01150,10/20/2025,CUST0160,PROD052,1,392100,0.15,392100,58815,333285,307200,307200,26085,Mobile Money,Completed
ORD01906,10/21/2025,CUST0130,PROD022,5,238700,0.15,1193500,179025,1014475,134700,673500,340975,Card,Pending
ORD01320,10/21/2025,CUST0256,PROD014,3,249000,0.1,747000,74700,672300,141700,425100,247200,Mobile Money,Completed
ORD00734,10/21/2025,CUST0129,PROD015,1,24400,0.25,24400,6100,18300,17600,17600,700,Mobile Money,Pending
ORD00440,10/21/2025,CUST0059,PROD042,10,9300,0.05,93000,4650,88350,5400,54000,34350,Cash,Completed
ORD00834,10/22/2025,CUST0288,PROD029,5,183600,0.1,918000,91800,826200,105400,527000,299200,Card,Completed
ORD01159,10/22/2025,CUST0094,PROD014,7,249000,0.15,1743000,261450,1481550,141700,991900,489650,Card,Completed
ORD01816,10/22/2025,CUST0218,PROD034,5,427500,0.15,2137500,320625,1816875,282400,1412000,404875,Card,Completed
ORD00289,10/22/2025,CUST0116,PROD003,9,6900,0.15,62100,9315,52785,5200,46800,5985,Bank Transfer,Completed
ORD00134,10/22/2025,CUST0276,PROD020,1,27300,0,27300,0,27300,18400,18400,8900,Mobile Money,Completed
ORD01724,10/22/2025,CUST0117,PROD059,10,534000,0.1,5340000,534000,4806000,343000,3430000,1376000,Card,Completed
ORD00720,10/23/2025,CUST0189,PROD016,4,6400,0.15,25600,3840,21760,4000,16000,5760,Mobile Money,Completed
ORD00300,10/23/2025,CUST0227,PROD007,10,25700,0.05,257000,12850,244150,16900,169000,75150,Bank Transfer,Completed
ORD02037,10/23/2025,CUST0032,PROD011,1,20000,0.25,20000,5000,15000,13400,13400,1600,Card,Completed
ORD02206,10/23/2025,CUST0185,PROD005,10,444900,0,4449000,0,4449000,322200,3222000,1227000,Mobile Money,Completed
ORD00781,10/23/2025,CUST0076,PROD045,9,142000,0.1,0,0,0,106400,0,0,Mobile Money,Cancelled
ORD02148,10/23/2025,CUST0048,PROD003,2,6900,0.05,13800,690,13110,5200,10400,2710,Mobile Money,Completed
ORD02239,10/23/2025,CUST0093,PROD024,10,148600,0.15,1486000,222900,1263100,96300,963000,300100,Cash,Completed
ORD00077,10/24/2025,CUST0222,PROD049,1,4000,0,4000,0,4000,2300,2300,1700,Card,Completed
ORD00295,10/24/2025,CUST0180,PROD037,8,107900,0,863200,0,863200,59400,475200,388000,Bank Transfer,Completed
ORD00415,10/25/2025,CUST0113,PROD057,9,20100,0.1,180900,18090,162810,11700,105300,57510,Mobile Money,Completed
ORD02264,10/25/2025,CUST0017,PROD041,8,24800,0.15,198400,29760,168640,16200,129600,39040,Card,Completed
ORD00552,10/25/2025,CUST0060,PROD022,6,238700,0.05,1432200,71610,1360590,134700,808200,552390,Card,Pending
ORD01142,10/25/2025,CUST0141,PROD010,10,41400,0.1,414000,41400,372600,29700,297000,75600,Cash,Completed
ORD01221,10/25/2025,CUST0225,PROD018,7,29300,0,0,0,0,21500,0,0,Cash,Cancelled
ORD00487,10/25/2025,CUST0143,PROD004,8,560000,0,0,0,0,348100,0,0,Mobile Money,Cancelled
ORD00208,10/25/2025,CUST0196,PROD003,1,6900,0.15,6900,1035,5865,5200,5200,665,Bank Transfer,Completed
ORD00268,10/26/2025,CUST0187,PROD001,7,536800,0.25,3757600,939400,2818200,344100,2408700,409500,Card,Pending
ORD00884,10/26/2025,CUST0112,PROD060,3,341700,0.25,1025100,256275,768825,223100,669300,99525,Card,Completed
ORD02184,10/26/2025,CUST0034,PROD053,4,247900,0,991600,0,991600,177100,708400,283200,Card,Completed
ORD01485,10/26/2025,CUST0209,PROD039,1,481400,0.1,481400,48140,433260,392300,392300,40960,Card,Completed
ORD00526,10/27/2025,CUST0187,PROD003,6,6900,0.25,41400,10350,31050,5200,31200,-150,Cash,Completed
ORD01171,10/27/2025,CUST0203,PROD051,4,121500,0,486000,0,486000,92700,370800,115200,Bank Transfer,Pending
ORD00680,10/27/2025,CUST0148,PROD013,6,37000,0,222000,0,222000,27000,162000,60000,Mobile Money,Completed
ORD01077,10/27/2025,CUST0196,PROD043,9,188900,0.2,1700100,340020,1360080,153600,1382400,-22320,Mobile Money,Completed
ORD00005,10/27/2025,CUST0291,PROD038,9,109100,0.15,981900,147285,834615,68900,620100,214515,Bank Transfer,Completed
ORD00988,10/28/2025,CUST0161,PROD016,3,6400,0.25,0,0,0,4000,0,0,Card,Cancelled
ORD01681,10/28/2025,CUST0180,PROD016,6,6400,0,38400,0,38400,4000,24000,14400,Card,Completed
ORD01608,10/29/2025,CUST0061,PROD059,1,534000,0.2,534000,106800,427200,343000,343000,84200,Bank Transfer,Completed
ORD02313,10/29/2025,CUST0096,PROD042,6,9300,0.05,55800,2790,53010,5400,32400,20610,Mobile Money,Completed
ORD01356,10/29/2025,CUST0106,PROD059,8,534000,0.1,4272000,427200,3844800,343000,2744000,1100800,Card,Completed
ORD01042,10/29/2025,CUST0152,PROD029,8,183600,0.25,1468800,367200,1101600,105400,843200,258400,Mobile Money,Completed
ORD01050,10/30/2025,CUST0033,PROD048,4,414500,0.05,1658000,82900,1575100,303100,1212400,362700,Card,Pending
ORD00866,10/30/2025,CUST0129,PROD013,9,37000,0,333000,0,333000,27000,243000,90000,Mobile Money,Completed
ORD01972,10/30/2025,CUST0064,PROD014,5,249000,0.05,1245000,62250,1182750,141700,708500,474250,Cash,Completed
ORD02003,10/30/2025,CUST0275,PROD045,8,142000,0.25,1136000,284000,852000,106400,851200,800,Card,Completed
ORD00667,10/31/2025,CUST0180,PROD025,3,72800,0.1,218400,21840,196560,59600,178800,17760,Mobile Money,Completed
ORD00027,10/31/2025,CUST0061,PROD052,10,392100,0.05,3921000,196050,3724950,307200,3072000,652950,Bank Transfer,Completed
ORD01300,10/31/2025,CUST0143,PROD003,6,6900,0.05,0,0,0,5200,0,0,Bank Transfer,Cancelled
ORD00827,10/31/2025,CUST0231,PROD037,3,107900,0.15,323700,48555,275145,59400,178200,96945,Mobile Money,Completed
ORD00407,10/31/2025,CUST0214,PROD042,9,9300,0,83700,0,83700,5400,48600,35100,Mobile Money,Pending
ORD00955,10/31/2025,CUST0215,PROD013,5,37000,0.1,185000,18500,166500,27000,135000,31500,Bank Transfer,Pending
ORD02377,11/1/2025,CUST0093,PROD020,9,27300,0.05,245700,12285,233415,18400,165600,67815,Bank Transfer,Pending
ORD02223,11/2/2025,CUST0071,PROD020,3,27300,0.05,0,0,0,18400,0,0,Card,Cancelled
ORD00147,11/2/2025,CUST0110,PROD010,4,41400,0.05,165600,8280,157320,29700,118800,38520,Card,Completed
ORD00072,11/2/2025,CUST0207,PROD050,10,79700,0.1,797000,79700,717300,49400,494000,223300,Cash,Completed
ORD01035,11/2/2025,CUST0257,PROD007,3,25700,0.1,77100,7710,69390,16900,50700,18690,Bank Transfer,Completed
ORD00519,11/2/2025,CUST0065,PROD030,5,409300,0.15,2046500,306975,1739525,331400,1657000,82525,Bank Transfer,Completed
ORD01685,11/2/2025,CUST0010,PROD008,2,284900,0.1,0,0,0,184900,0,0,Cash,Cancelled
ORD01576,11/3/2025,CUST0182,PROD051,8,121500,0.15,972000,145800,826200,92700,741600,84600,Mobile Money,Pending
ORD00805,11/3/2025,CUST0216,PROD002,4,344400,0.15,0,0,0,273600,0,0,Card,Cancelled
ORD00962,11/3/2025,CUST0164,PROD018,9,29300,0.1,0,0,0,21500,0,0,Card,Cancelled
ORD02250,11/4/2025,CUST0055,PROD010,9,41400,0,372600,0,372600,29700,267300,105300,Card,Completed
ORD01480,11/4/2025,CUST0082,PROD036,2,247600,0.1,0,0,0,191100,0,0,Card,Cancelled
ORD01363,11/4/2025,CUST0192,PROD009,6,9600,0.25,57600,14400,43200,6200,37200,6000,Card,Completed
ORD01886,11/4/2025,CUST0140,PROD013,10,37000,0.1,370000,37000,333000,27000,270000,63000,Card,Pending
ORD01112,11/4/2025,CUST0067,PROD028,10,159200,0.05,1592000,79600,1512400,112500,1125000,387400,Card,Completed
ORD02473,11/5/2025,CUST0133,PROD042,9,9300,0.15,83700,12555,71145,5400,48600,22545,Card,Completed
ORD01455,11/5/2025,CUST0116,PROD006,7,17200,0.05,0,0,0,12200,0,0,Card,Cancelled
ORD00036,11/5/2025,CUST0197,PROD039,1,481400,0.15,481400,72210,409190,392300,392300,16890,Bank Transfer,Completed
ORD00710,11/5/2025,CUST0077,PROD027,7,25700,0.05,179900,8995,170905,16400,114800,56105,Bank Transfer,Completed
ORD01692,11/5/2025,CUST0209,PROD050,3,79700,0.15,0,0,0,49400,0,0,Card,Cancelled
ORD00253,11/6/2025,CUST0084,PROD028,1,159200,0.1,0,0,0,112500,0,0,Mobile Money,Cancelled
ORD01250,11/6/2025,CUST0038,PROD045,3,142000,0.1,426000,42600,383400,106400,319200,64200,Card,Completed
ORD00800,11/6/2025,CUST0156,PROD011,9,20000,0,180000,0,180000,13400,120600,59400,Bank Transfer,Pending
ORD02220,11/7/2025,CUST0266,PROD002,1,344400,0.15,344400,51660,292740,273600,273600,19140,Card,Completed
ORD02467,11/7/2025,CUST0049,PROD056,8,58800,0.1,470400,47040,423360,33300,266400,156960,Cash,Completed
ORD01451,11/7/2025,CUST0253,PROD058,4,228300,0.15,0,0,0,139600,0,0,Mobile Money,Cancelled
ORD00022,11/8/2025,CUST0061,PROD039,1,481400,0.15,481400,72210,409190,392300,392300,16890,Card,Completed
ORD00992,11/8/2025,CUST0004,PROD058,3,228300,0.1,0,0,0,139600,0,0,Card,Cancelled
ORD02448,11/8/2025,CUST0066,PROD004,7,560000,0,3920000,0,3920000,348100,2436700,1483300,Bank Transfer,Completed
ORD00615,11/9/2025,CUST0226,PROD023,6,121900,0.05,731400,36570,694830,79500,477000,217830,Mobile Money,Completed
ORD00578,11/9/2025,CUST0291,PROD032,4,439700,0.1,1758800,175880,1582920,331400,1325600,257320,Mobile Money,Completed
ORD01039,11/9/2025,CUST0070,PROD024,8,148600,0.15,1188800,178320,1010480,96300,770400,240080,Card,Pending
ORD02256,11/9/2025,CUST0201,PROD047,5,22800,0.1,114000,11400,102600,14000,70000,32600,Cash,Pending
ORD01949,11/9/2025,CUST0248,PROD060,1,341700,0.05,341700,17085,324615,223100,223100,101515,Cash,Completed
ORD02082,11/10/2025,CUST0103,PROD040,2,273300,0.1,0,0,0,185400,0,0,Cash,Cancelled
ORD00605,11/10/2025,CUST0237,PROD005,2,444900,0.2,889800,177960,711840,322200,644400,67440,Mobile Money,Pending
ORD02138,11/10/2025,CUST0150,PROD029,10,183600,0.1,1836000,183600,1652400,105400,1054000,598400,Card,Completed
ORD01783,11/10/2025,CUST0200,PROD037,7,107900,0,755300,0,755300,59400,415800,339500,Bank Transfer,Completed
ORD01776,11/11/2025,CUST0076,PROD007,10,25700,0.15,257000,38550,218450,16900,169000,49450,Mobile Money,Completed
ORD01981,11/11/2025,CUST0084,PROD021,1,36000,0.25,36000,9000,27000,21600,21600,5400,Cash,Completed
ORD01856,11/11/2025,CUST0071,PROD039,8,481400,0.2,3851200,770240,3080960,392300,3138400,-57440,Bank Transfer,Completed
ORD01611,11/11/2025,CUST0026,PROD020,8,27300,0.2,218400,43680,174720,18400,147200,27520,Card,Pending
ORD01220,11/11/2025,CUST0146,PROD001,8,536800,0.15,4294400,644160,3650240,344100,2752800,897440,Card,Pending
ORD00558,11/11/2025,CUST0108,PROD060,6,341700,0.15,0,0,0,223100,0,0,Bank Transfer,Cancelled
ORD02415,11/12/2025,CUST0171,PROD053,2,247900,0.2,0,0,0,177100,0,0,Bank Transfer,Cancelled
ORD01477,11/12/2025,CUST0079,PROD025,9,72800,0.2,655200,131040,524160,59600,536400,-12240,Bank Transfer,Completed
ORD00318,11/13/2025,CUST0171,PROD057,4,20100,0.05,80400,4020,76380,11700,46800,29580,Card,Pending
ORD01213,11/13/2025,CUST0065,PROD040,10,273300,0.05,2733000,136650,2596350,185400,1854000,742350,Card,Completed
ORD00838,11/14/2025,CUST0044,PROD050,6,79700,0.05,478200,23910,454290,49400,296400,157890,Card,Completed
ORD01265,11/15/2025,CUST0126,PROD057,8,20100,0.05,160800,8040,152760,11700,93600,59160,Mobile Money,Completed
ORD02452,11/15/2025,CUST0226,PROD039,5,481400,0.05,2407000,120350,2286650,392300,1961500,325150,Card,Pending
ORD00424,11/15/2025,CUST0040,PROD029,9,183600,0.2,1652400,330480,1321920,105400,948600,373320,Bank Transfer,Pending
ORD01700,11/15/2025,CUST0208,PROD054,2,37100,0.2,74200,14840,59360,25500,51000,8360,Bank Transfer,Pending
ORD02349,11/15/2025,CUST0140,PROD043,10,188900,0.1,1889000,188900,1700100,153600,1536000,164100,Bank Transfer,Completed
ORD01155,11/15/2025,CUST0068,PROD013,8,37000,0,0,0,0,27000,0,0,Card,Cancelled
ORD01568,11/16/2025,CUST0251,PROD058,10,228300,0,2283000,0,2283000,139600,1396000,887000,Card,Completed
ORD00277,11/16/2025,CUST0286,PROD010,7,41400,0.05,289800,14490,275310,29700,207900,67410,Card,Pending
ORD02115,11/16/2025,CUST0121,PROD005,1,444900,0.1,444900,44490,400410,322200,322200,78210,Mobile Money,Completed
ORD00481,11/16/2025,CUST0078,PROD030,10,409300,0.1,4093000,409300,3683700,331400,3314000,369700,Mobile Money,Completed
ORD00959,11/17/2025,CUST0026,PROD033,1,36700,0.1,36700,3670,33030,21900,21900,11130,Mobile Money,Pending
ORD01470,11/17/2025,CUST0189,PROD003,7,6900,0.05,48300,2415,45885,5200,36400,9485,Cash,Completed
ORD01558,11/17/2025,CUST0146,PROD014,9,249000,0.2,0,0,0,141700,0,0,Card,Cancelled
ORD01191,11/17/2025,CUST0253,PROD032,6,439700,0.15,0,0,0,331400,0,0,Cash,Cancelled
ORD02478,11/18/2025,CUST0138,PROD013,5,37000,0.05,185000,9250,175750,27000,135000,40750,Card,Completed
ORD02493,11/18/2025,CUST0092,PROD034,8,427500,0.15,3420000,513000,2907000,282400,2259200,647800,Bank Transfer,Pending
ORD00654,11/18/2025,CUST0292,PROD006,4,17200,0.05,68800,3440,65360,12200,48800,16560,Bank Transfer,Completed
ORD01062,11/18/2025,CUST0271,PROD037,5,107900,0.05,539500,26975,512525,59400,297000,215525,Cash,Completed
ORD01987,11/19/2025,CUST0072,PROD057,4,20100,0.05,80400,4020,76380,11700,46800,29580,Bank Transfer,Completed
ORD00958,11/19/2025,CUST0235,PROD046,1,29300,0.1,29300,2930,26370,22200,22200,4170,Mobile Money,Completed
ORD00902,11/19/2025,CUST0141,PROD050,5,79700,0.15,398500,59775,338725,49400,247000,91725,Mobile Money,Pending
ORD02477,11/20/2025,CUST0243,PROD047,7,22800,0.15,159600,23940,135660,14000,98000,37660,Cash,Completed
ORD00514,11/20/2025,CUST0163,PROD056,9,58800,0.1,529200,52920,476280,33300,299700,176580,Mobile Money,Completed
ORD00112,11/20/2025,CUST0293,PROD054,9,37100,0,333900,0,333900,25500,229500,104400,Card,Pending
ORD02063,11/20/2025,CUST0123,PROD011,7,20000,0.15,140000,21000,119000,13400,93800,25200,Card,Completed
ORD00085,11/20/2025,CUST0293,PROD046,5,29300,0.15,146500,21975,124525,22200,111000,13525,Bank Transfer,Completed
ORD01373,11/21/2025,CUST0007,PROD037,7,107900,0.15,755300,113295,642005,59400,415800,226205,Mobile Money,Pending
ORD01791,11/21/2025,CUST0266,PROD029,9,183600,0,0,0,0,105400,0,0,Mobile Money,Cancelled
ORD01187,11/21/2025,CUST0187,PROD015,3,24400,0.1,73200,7320,65880,17600,52800,13080,Card,Completed
ORD02118,11/21/2025,CUST0260,PROD060,3,341700,0.05,0,0,0,223100,0,0,Mobile Money,Cancelled
ORD00711,11/22/2025,CUST0298,PROD028,3,159200,0.25,0,0,0,112500,0,0,Card,Cancelled
ORD02331,11/23/2025,CUST0220,PROD033,6,36700,0.1,220200,22020,198180,21900,131400,66780,Card,Pending
ORD00257,11/23/2025,CUST0114,PROD016,7,6400,0.15,44800,6720,38080,4000,28000,10080,Bank Transfer,Completed
ORD00144,11/23/2025,CUST0296,PROD015,3,24400,0.15,73200,10980,62220,17600,52800,9420,Card,Completed
ORD01702,11/23/2025,CUST0032,PROD034,4,427500,0.1,1710000,171000,1539000,282400,1129600,409400,Mobile Money,Completed
ORD01551,11/23/2025,CUST0146,PROD012,6,9700,0,58200,0,58200,7500,45000,13200,Mobile Money,Completed
ORD01476,11/23/2025,CUST0034,PROD049,7,4000,0.25,28000,7000,21000,2300,16100,4900,Bank Transfer,Completed
ORD01954,11/24/2025,CUST0018,PROD049,7,4000,0.25,28000,7000,21000,2300,16100,4900,Cash,Pending
ORD02128,11/24/2025,CUST0167,PROD002,8,344400,0.05,2755200,137760,2617440,273600,2188800,428640,Cash,Completed
ORD02359,11/24/2025,CUST0017,PROD035,4,82200,0,328800,0,328800,54600,218400,110400,Card,Completed
ORD01175,11/25/2025,CUST0238,PROD031,4,38500,0.1,154000,15400,138600,27800,111200,27400,Card,Completed
ORD00822,11/25/2025,CUST0123,PROD041,6,24800,0.15,148800,22320,126480,16200,97200,29280,Card,Completed
ORD01223,11/26/2025,CUST0088,PROD012,8,9700,0.05,77600,3880,73720,7500,60000,13720,Mobile Money,Completed
ORD00322,11/26/2025,CUST0056,PROD058,6,228300,0.1,1369800,136980,1232820,139600,837600,395220,Bank Transfer,Pending
ORD01616,11/26/2025,CUST0171,PROD056,5,58800,0.05,0,0,0,33300,0,0,Card,Cancelled
ORD00507,11/26/2025,CUST0014,PROD013,1,37000,0,37000,0,37000,27000,27000,10000,Cash,Completed
ORD01376,11/28/2025,CUST0111,PROD033,4,36700,0.1,146800,14680,132120,21900,87600,44520,Bank Transfer,Completed
ORD00377,11/28/2025,CUST0118,PROD058,3,228300,0.15,0,0,0,139600,0,0,Bank Transfer,Cancelled
ORD01474,11/28/2025,CUST0269,PROD025,10,72800,0.15,0,0,0,59600,0,0,Bank Transfer,Cancelled
ORD00402,11/28/2025,CUST0089,PROD010,6,41400,0.05,248400,12420,235980,29700,178200,57780,Card,Completed
ORD02151,11/28/2025,CUST0098,PROD059,9,534000,0.05,4806000,240300,4565700,343000,3087000,1478700,Mobile Money,Completed
ORD01478,11/29/2025,CUST0236,PROD011,6,20000,0.1,120000,12000,108000,13400,80400,27600,Bank Transfer,Completed
ORD01617,11/29/2025,CUST0273,PROD056,10,58800,0.15,0,0,0,33300,0,0,Card,Cancelled
ORD02482,11/29/2025,CUST0176,PROD016,4,6400,0.2,25600,5120,20480,4000,16000,4480,Card,Completed
ORD01563,11/30/2025,CUST0193,PROD021,3,36000,0.15,108000,16200,91800,21600,64800,27000,Card,Pending
ORD01730,11/30/2025,CUST0216,PROD044,3,11500,0.1,0,0,0,6400,0,0,Card,Cancelled
ORD00151,11/30/2025,CUST0060,PROD036,10,247600,0.1,2476000,247600,2228400,191100,1911000,317400,Mobile Money,Completed
ORD01778,11/30/2025,CUST0184,PROD055,2,175400,0,350800,0,350800,104000,208000,142800,Card,Completed
ORD00320,12/1/2025,CUST0221,PROD025,1,72800,0.1,72800,7280,65520,59600,59600,5920,Mobile Money,Completed
ORD00684,12/1/2025,CUST0272,PROD034,9,427500,0.15,3847500,577125,3270375,282400,2541600,728775,Card,Completed
ORD01887,12/1/2025,CUST0294,PROD037,7,107900,0.15,755300,113295,642005,59400,415800,226205,Card,Completed
ORD01205,12/1/2025,CUST0173,PROD027,8,25700,0.15,205600,30840,174760,16400,131200,43560,Cash,Pending
ORD00904,12/1/2025,CUST0086,PROD050,6,79700,0.2,0,0,0,49400,0,0,Mobile Money,Cancelled
ORD00003,12/2/2025,CUST0253,PROD053,10,247900,0.2,2479000,495800,1983200,177100,1771000,212200,Cash,Completed
ORD00769,12/2/2025,CUST0208,PROD021,8,36000,0.1,288000,28800,259200,21600,172800,86400,Bank Transfer,Completed
ORD01800,12/2/2025,CUST0299,PROD012,7,9700,0.1,67900,6790,61110,7500,52500,8610,Mobile Money,Completed
ORD00116,12/3/2025,CUST0119,PROD058,7,228300,0,0,0,0,139600,0,0,Card,Cancelled
ORD00153,12/3/2025,CUST0039,PROD045,7,142000,0.05,994000,49700,944300,106400,744800,199500,Bank Transfer,Completed
ORD01329,12/3/2025,CUST0037,PROD040,10,273300,0.15,2733000,409950,2323050,185400,1854000,469050,Card,Completed
ORD01253,12/3/2025,CUST0168,PROD004,9,560000,0,0,0,0,348100,0,0,Bank Transfer,Cancelled
ORD00324,12/3/2025,CUST0192,PROD001,3,536800,0.2,0,0,0,344100,0,0,Bank Transfer,Cancelled
ORD00586,12/4/2025,CUST0076,PROD060,2,341700,0.1,0,0,0,223100,0,0,Card,Cancelled
ORD00421,12/4/2025,CUST0214,PROD006,1,17200,0.15,0,0,0,12200,0,0,Card,Cancelled
ORD00469,12/4/2025,CUST0166,PROD009,2,9600,0.15,19200,2880,16320,6200,12400,3920,Mobile Money,Completed
ORD00913,12/4/2025,CUST0026,PROD005,9,444900,0.05,4004100,200205,3803895,322200,2899800,904095,Card,Completed
ORD02398,12/4/2025,CUST0168,PROD022,10,238700,0.15,2387000,358050,2028950,134700,1347000,681950,Mobile Money,Pending
ORD00928,12/4/2025,CUST0098,PROD016,8,6400,0.15,51200,7680,43520,4000,32000,11520,Bank Transfer,Completed
ORD01184,12/4/2025,CUST0275,PROD045,9,142000,0.1,1278000,127800,1150200,106400,957600,192600,Bank Transfer,Completed
ORD01756,12/7/2025,CUST0107,PROD003,8,6900,0.05,55200,2760,52440,5200,41600,10840,Cash,Completed
ORD00158,12/8/2025,CUST0036,PROD023,5,121900,0.15,0,0,0,79500,0,0,Card,Cancelled
ORD01097,12/8/2025,CUST0197,PROD026,3,35000,0.15,105000,15750,89250,23500,70500,18750,Mobile Money,Completed
ORD00546,12/8/2025,CUST0125,PROD021,4,36000,0.1,144000,14400,129600,21600,86400,43200,Mobile Money,Completed
ORD00813,12/8/2025,CUST0127,PROD051,2,121500,0.05,243000,12150,230850,92700,185400,45450,Card,Pending
ORD00621,12/9/2025,CUST0173,PROD030,6,409300,0,0,0,0,331400,0,0,Card,Cancelled
ORD01721,12/9/2025,CUST0025,PROD044,7,11500,0.15,80500,12075,68425,6400,44800,23625,Card,Completed
ORD00460,12/10/2025,CUST0278,PROD008,8,284900,0.2,2279200,455840,1823360,184900,1479200,344160,Card,Completed
ORD00443,12/10/2025,CUST0188,PROD042,4,9300,0,37200,0,37200,5400,21600,15600,Mobile Money,Completed
ORD01392,12/13/2025,CUST0036,PROD017,4,3200,0.1,0,0,0,2300,0,0,Cash,Cancelled
ORD00982,12/13/2025,CUST0007,PROD011,10,20000,0.15,200000,30000,170000,13400,134000,36000,Bank Transfer,Completed
ORD00786,12/13/2025,CUST0276,PROD052,10,392100,0.2,3921000,784200,3136800,307200,3072000,64800,Mobile Money,Completed
ORD02251,12/13/2025,CUST0172,PROD001,1,536800,0.15,536800,80520,456280,344100,344100,112180,Cash,Completed
ORD01966,12/14/2025,CUST0279,PROD047,5,22800,0.05,114000,5700,108300,14000,70000,38300,Bank Transfer,Pending
ORD01591,12/14/2025,CUST0112,PROD017,7,3200,0,22400,0,22400,2300,16100,6300,Mobile Money,Completed
ORD02168,12/14/2025,CUST0207,PROD002,4,344400,0.1,1377600,137760,1239840,273600,1094400,145440,Bank Transfer,Completed
ORD01183,12/15/2025,CUST0151,PROD012,1,9700,0.15,9700,1455,8245,7500,7500,745,Bank Transfer,Pending
ORD01713,12/15/2025,CUST0199,PROD025,8,72800,0.15,582400,87360,495040,59600,476800,18240,Card,Completed
ORD00187,12/15/2025,CUST0176,PROD005,9,444900,0.1,4004100,400410,3603690,322200,2899800,703890,Mobile Money,Completed
ORD01901,12/16/2025,CUST0214,PROD036,10,247600,0.15,2476000,371400,2104600,191100,1911000,193600,Cash,Completed
ORD02343,12/16/2025,CUST0068,PROD049,10,4000,0.2,0,0,0,2300,0,0,Cash,Cancelled
ORD02428,12/16/2025,CUST0013,PROD043,5,188900,0,944500,0,944500,153600,768000,176500,Mobile Money,Completed
ORD01341,12/16/2025,CUST0206,PROD010,5,41400,0.05,207000,10350,196650,29700,148500,48150,Bank Transfer,Completed
ORD00790,12/18/2025,CUST0124,PROD012,3,9700,0.2,29100,5820,23280,7500,22500,780,Mobile Money,Completed
ORD01697,12/18/2025,CUST0170,PROD033,3,36700,0.15,110100,16515,93585,21900,65700,27885,Cash,Completed
ORD02325,12/18/2025,CUST0201,PROD023,5,121900,0.1,0,0,0,79500,0,0,Bank Transfer,Cancelled
ORD02017,12/19/2025,CUST0259,PROD024,4,148600,0.25,594400,148600,445800,96300,385200,60600,Card,Completed
ORD02382,12/19/2025,CUST0004,PROD001,1,536800,0.1,536800,53680,483120,344100,344100,139020,Bank Transfer,Completed
ORD01492,12/20/2025,CUST0022,PROD030,1,409300,0.2,409300,81860,327440,331400,331400,-3960,Card,Completed
ORD01207,12/20/2025,CUST0236,PROD024,7,148600,0.2,1040200,208040,832160,96300,674100,158060,Card,Completed
ORD01603,12/21/2025,CUST0198,PROD008,7,284900,0.1,1994300,199430,1794870,184900,1294300,500570,Mobile Money,Completed
ORD02121,12/21/2025,CUST0028,PROD013,10,37000,0,370000,0,370000,27000,270000,100000,Card,Completed
ORD02242,12/21/2025,CUST0237,PROD033,8,36700,0,293600,0,293600,21900,175200,118400,Mobile Money,Completed
ORD02394,12/21/2025,CUST0024,PROD034,8,427500,0.05,3420000,171000,3249000,282400,2259200,989800,Bank Transfer,Pending
ORD00885,12/22/2025,CUST0161,PROD016,10,6400,0.1,0,0,0,4000,0,0,Card,Cancelled
ORD01394,12/23/2025,CUST0215,PROD057,4,20100,0.2,80400,16080,64320,11700,46800,17520,Card,Completed
ORD00725,12/24/2025,CUST0138,PROD036,3,247600,0,742800,0,742800,191100,573300,169500,Cash,Completed
ORD00489,12/25/2025,CUST0269,PROD051,8,121500,0.05,972000,48600,923400,92700,741600,181800,Cash,Completed
ORD00273,12/25/2025,CUST0272,PROD043,5,188900,0.1,944500,94450,850050,153600,768000,82050,Card,Completed
ORD01383,12/25/2025,CUST0083,PROD032,9,439700,0.15,3957300,593595,3363705,331400,2982600,381105,Bank Transfer,Pending
ORD00699,12/25/2025,CUST0148,PROD009,1,9600,0.05,9600,480,9120,6200,6200,2920,Cash,Completed
ORD01828,12/26/2025,CUST0079,PROD034,3,427500,0,1282500,0,1282500,282400,847200,435300,Bank Transfer,Pending
ORD00601,12/26/2025,CUST0256,PROD005,8,444900,0.05,0,0,0,322200,0,0,Mobile Money,Cancelled
ORD01307,12/26/2025,CUST0146,PROD042,10,9300,0.15,93000,13950,79050,5400,54000,25050,Bank Transfer,Pending
ORD01945,12/26/2025,CUST0051,PROD033,1,36700,0.15,36700,5505,31195,21900,21900,9295,Mobile Money,Completed
ORD00188,12/26/2025,CUST0018,PROD042,2,9300,0.2,18600,3720,14880,5400,10800,4080,Bank Transfer,Completed
ORD01212,12/26/2025,CUST0085,PROD034,6,427500,0.1,0,0,0,282400,0,0,Card,Cancelled
ORD01348,12/26/2025,CUST0236,PROD018,9,29300,0.25,0,0,0,21500,0,0,Mobile Money,Cancelled
ORD02216,12/26/2025,CUST0221,PROD026,3,35000,0.25,105000,26250,78750,23500,70500,8250,Mobile Money,Completed
ORD00957,12/27/2025,CUST0028,PROD023,8,121900,0.05,975200,48760,926440,79500,636000,290440,Mobile Money,Completed
ORD02409,12/27/2025,CUST0241,PROD053,5,247900,0.05,0,0,0,177100,0,0,Card,Cancelled
ORD00780,12/27/2025,CUST0073,PROD028,10,159200,0,1592000,0,1592000,112500,1125000,467000,Bank Transfer,Completed
ORD01888,12/28/2025,CUST0119,PROD020,4,27300,0,109200,0,109200,18400,73600,35600,Cash,Completed
ORD00700,12/28/2025,CUST0009,PROD052,4,392100,0.05,0,0,0,307200,0,0,Bank Transfer,Cancelled
ORD01665,12/28/2025,CUST0067,PROD043,3,188900,0,0,0,0,153600,0,0,Mobile Money,Cancelled
ORD00844,12/28/2025,CUST0256,PROD006,1,17200,0.15,17200,2580,14620,12200,12200,2420,Card,Pending
ORD01423,12/28/2025,CUST0196,PROD049,9,4000,0.15,36000,5400,30600,2300,20700,9900,Card,Completed
ORD00400,12/28/2025,CUST0129,PROD042,7,9300,0.25,65100,16275,48825,5400,37800,11025,Cash,Completed
ORD00502,12/29/2025,CUST0059,PROD044,3,11500,0,34500,0,34500,6400,19200,15300,Cash,Completed
ORD01504,12/29/2025,CUST0148,PROD016,4,6400,0.1,0,0,0,4000,0,0,Cash,Cancelled
ORD01379,12/29/2025,CUST0072,PROD044,10,11500,0.1,115000,11500,103500,6400,64000,39500,Card,Completed
ORD01837,12/29/2025,CUST0183,PROD037,6,107900,0.15,647400,97110,550290,59400,356400,193890,Mobile Money,Completed
ORD00888,12/30/2025,CUST0163,PROD012,5,9700,0.05,0,0,0,7500,0,0,Mobile Money,Cancelled
ORD00537,12/30/2025,CUST0280,PROD012,10,9700,0,97000,0,97000,7500,75000,22000,Mobile Money,Completed
ORD02435,12/30/2025,CUST0259,PROD010,8,41400,0.1,331200,33120,298080,29700,237600,60480,Bank Transfer,Completed
ORD00130,12/31/2025,CUST0071,PROD051,9,121500,0.1,1093500,109350,984150,92700,834300,149850,Card,Completed
ORD01986,12/31/2025,CUST0088,PROD057,2,20100,0.1,40200,4020,36180,11700,23400,12780,Bank Transfer,Pending
ORD01188,12/31/2025,CUST0289,PROD023,2,121900,0.1,243800,24380,219420,79500,159000,60420,Bank Transfer,Completed
ORD00354,12/31/2025,CUST0228,PROD054,4,37100,0.15,148400,22260,126140,25500,102000,24140,Mobile Money,Completed
